id,first_name,last_name,email,gender,ip_address,phone_number
1,Elbert,Randleson,erandleson0@whitehouse.gov,Male,85.10.235.37,161-915-6530
2,Cassi,McAuley,cmcauley1@slashdot.org,Female,93.146.245.236,743-605-9140
3,Rosalie,Le Prevost,rleprevost2@hp.com,Female,17.120.194.129,952-273-4962
4,Frank,Mumberson,fmumberson3@google.cn,Male,120.168.28.147,483-252-7889
5,Barbra,Stilgo,bstilgo4@dagondesign.com,Female,23.123.70.2,706-949-8824
6,Juliane,Arkley,jarkley5@patch.com,Female,171.205.155.172,324-236-8788
7,Perle,Symonds,psymonds6@paypal.com,Female,251.182.205.174,339-134-2310
8,Nicko,Dikle,ndikle7@digg.com,Male,198.106.194.71,455-208-3554
9,Burton,Spinks,bspinks8@blogspot.com,Male,47.212.153.206,781-606-1442
10,Troy,Woodfine,twoodfine9@miitbeian.gov.cn,Polygender,151.118.122.142,987-787-4834
11,Hillier,Cockland,hcocklanda@yellowpages.com,Male,54.244.32.34,524-144-1942
12,Miguela,Jurgensen,mjurgensenb@bandcamp.com,Female,216.208.144.142,741-849-9106
13,Kearney,Furmedge,kfurmedgec@ycombinator.com,Male,252.208.202.89,154-909-0192
14,Augustin,Boal,aboald@trellian.com,Male,49.16.249.177,824-929-6765
15,Rodolphe,Laurentino,rlaurentinoe@jalbum.net,Male,149.17.189.72,206-369-6701
16,Georgette,Stede,gstedef@indiatimes.com,Female,228.24.159.18,757-922-5177
17,Beatrix,Earpe,bearpeg@sbwire.com,Female,63.104.144.4,540-796-8174
18,Massimiliano,Hebard,mhebardh@smh.com.au,Male,28.105.232.111,849-280-7738
19,Alison,Downing,adowningi@vimeo.com,Genderfluid,26.243.126.187,609-194-1546
20,Conney,Pavlovic,cpavlovicj@liveinternet.ru,Male,170.79.51.248,108-485-1167
21,Corbie,Heineke,cheinekek@cbc.ca,Male,205.142.15.116,590-771-4539
22,Dorisa,Skip,dskipl@icq.com,Female,214.36.201.134,411-984-7636
23,Cyril,Bryan,cbryanm@imageshack.us,Male,29.64.76.195,250-726-7260
24,Ariel,Blower,ablowern@issuu.com,Female,181.154.56.59,114-553-6171
25,Orlan,Weinberg,oweinbergo@sfgate.com,Male,156.130.234.231,270-652-5238
26,Jesse,Nilges,jnilgesp@blogs.com,Male,220.247.249.190,129-176-9814
27,Tan,Baudet,tbaudetq@sbwire.com,Male,223.43.7.64,495-592-2600
28,Alameda,Groven,agrovenr@mozilla.org,Female,73.196.194.251,800-993-1146
29,Giulio,Merryweather,gmerryweathers@zimbio.com,Male,186.144.155.100,318-979-2489
30,Cecile,Renny,crennyt@woothemes.com,Female,55.201.44.93,775-477-5938
31,Gill,Akerman,gakermanu@bloglines.com,Female,82.155.27.172,459-805-9220
32,Rollin,Britten,rbrittenv@scientificamerican.com,Male,69.177.247.67,973-272-5200
33,Ronny,Pfiffer,rpfifferw@naver.com,Male,122.124.37.185,535-104-8496
34,Melisent,Loveguard,mloveguardx@columbia.edu,Female,212.73.151.88,316-851-3071
35,Paulie,Risebrow,prisebrowy@wsj.com,Male,151.3.151.232,668-884-9867
36,Cory,Stratford,cstratfordz@stanford.edu,Female,41.234.39.188,336-386-9647
37,Raffarty,Malone,rmalone10@joomla.org,Male,237.4.20.44,913-659-1295
38,Magnum,Rzehor,mrzehor11@nih.gov,Male,226.2.243.112,946-125-5696
39,Aube,Ollander,aollander12@seesaa.net,Male,175.96.146.247,425-403-3639
40,Robinett,Prinett,rprinett13@nationalgeographic.com,Female,31.63.2.13,682-809-3372
41,Torie,Stiggles,tstiggles14@ehow.com,Female,47.33.234.103,324-662-7246
42,Lyell,Mullany,lmullany15@blogger.com,Male,232.141.236.130,145-861-0053
43,Meade,Vassbender,mvassbender16@hexun.com,Female,162.41.80.115,185-290-4085
44,Kerstin,Bownde,kbownde17@constantcontact.com,Female,213.206.180.165,193-332-1065
45,Alena,Dicky,adicky18@macromedia.com,Female,133.173.13.137,520-191-9345
46,Cindee,O'Crevy,cocrevy19@washington.edu,Female,98.144.137.68,648-365-7333
47,Llewellyn,Laurent,llaurent1a@wikipedia.org,Genderfluid,163.20.247.237,516-163-4873
48,Diahann,Hastings,dhastings1b@smh.com.au,Female,19.114.238.90,433-904-4233
49,Egon,Mattheus,emattheus1c@tinyurl.com,Male,198.23.218.115,447-749-1688
50,Carleton,Lapides,clapides1d@liveinternet.ru,Male,153.22.186.147,303-731-5140
51,Cordy,Bickerdicke,cbickerdicke1e@163.com,Female,150.241.244.232,918-348-0494
52,Dyane,Beiderbeck,dbeiderbeck1f@walmart.com,Female,139.110.161.101,976-523-5948
53,Glynis,Burney,gburney1g@wikispaces.com,Female,167.229.23.73,726-384-3228
54,Vincent,Fardon,vfardon1h@reddit.com,Male,30.59.95.26,202-696-5714
55,Ardra,Loos,aloos1i@1688.com,Female,129.40.30.149,698-928-4174
56,Charles,Lovart,clovart1j@comsenz.com,Male,234.219.234.245,388-435-2496
57,Doralynne,Smullin,dsmullin1k@acquirethisname.com,Female,250.254.206.190,531-123-1846
58,Maura,Hargess,mhargess1l@360.cn,Female,112.123.238.38,104-756-1742
59,Hercules,Finey,hfiney1m@ucsd.edu,Male,79.223.172.149,332-880-3163
60,Tildi,Grishukov,tgrishukov1n@vistaprint.com,Female,227.144.10.242,740-599-7891
61,Glenn,Luckes,gluckes1o@timesonline.co.uk,Genderqueer,7.78.91.195,406-339-8365
62,Carmelia,Dionisetti,cdionisetti1p@shareasale.com,Female,96.56.209.184,652-219-3362
63,Windham,Sword,wsword1q@aol.com,Male,221.2.237.123,399-967-5027
64,Kellby,Carcas,kcarcas1r@usgs.gov,Male,32.114.148.141,653-748-8142
65,Marissa,Lunnon,mlunnon1s@amazon.com,Female,120.222.171.17,131-666-9568
66,Odelinda,Maestro,omaestro1t@storify.com,Female,168.222.61.137,323-505-6358
67,Antonetta,Sandon,asandon1u@com.com,Non-binary,62.255.45.53,907-137-7808
68,Merl,Janauschek,mjanauschek1v@e-recht24.de,Female,70.188.118.107,995-116-1167
69,Itch,Barnaby,ibarnaby1w@elpais.com,Male,82.66.62.250,258-764-1613
70,Anallise,Lanchberry,alanchberry1x@cyberchimps.com,Female,226.215.190.227,922-650-3937
71,Nolie,Sebright,nsebright1y@amazon.com,Female,23.116.179.109,620-750-8512
72,Bryana,Despenser,bdespenser1z@bloomberg.com,Female,69.101.194.178,414-191-5518
73,Domini,Jodrelle,djodrelle20@dyndns.org,Female,240.74.127.54,771-887-6516
74,Carlie,Tomasini,ctomasini21@mlb.com,Male,230.33.56.117,426-831-9326
75,Fedora,Drissell,fdrissell22@springer.com,Female,53.220.192.136,828-231-8993
76,Evy,Elvey,eelvey23@apache.org,Agender,170.241.215.13,906-845-6343
77,Cathi,Rawlinson,crawlinson24@1und1.de,Female,174.37.15.160,446-117-1338
78,Tiebold,Thorsen,tthorsen25@time.com,Male,121.230.102.81,747-331-5324
79,Cacilia,Ovise,covise26@alexa.com,Female,109.104.4.240,786-751-1693
80,Edouard,Capes,ecapes27@opera.com,Male,187.51.149.246,493-246-1665
81,Donny,Giovannelli,dgiovannelli28@com.com,Male,87.176.218.178,743-744-9754
82,Alic,Ansley,aansley29@dyndns.org,Male,126.90.161.43,150-742-5838
83,Brander,Crunkhorn,bcrunkhorn2a@issuu.com,Male,111.173.170.253,505-648-4586
84,Dominik,Spores,dspores2b@noaa.gov,Male,167.117.243.135,683-999-8353
85,Nicoli,Cogle,ncogle2c@netvibes.com,Female,122.233.162.214,707-338-0277
86,Gustie,Slinger,gslinger2d@360.cn,Female,42.76.243.224,988-776-2211
87,Abbe,Heatlie,aheatlie2e@wordpress.com,Female,129.103.249.30,374-230-2777
88,Laurel,Olley,lolley2f@apache.org,Female,148.86.135.207,844-560-3319
89,Hally,Huxster,hhuxster2g@privacy.gov.au,Non-binary,175.111.186.162,676-687-9312
90,Constancia,Kightly,ckightly2h@theglobeandmail.com,Female,224.23.31.61,260-646-7353
91,Jarrad,Swenson,jswenson2i@mit.edu,Male,28.110.151.5,849-547-4382
92,Tremayne,St Louis,tstlouis2j@nba.com,Male,149.251.168.221,328-880-9351
93,Hailey,Samsonsen,hsamsonsen2k@hubpages.com,Male,128.213.0.62,165-310-5960
94,Anet,Heyns,aheyns2l@cpanel.net,Non-binary,228.26.231.155,215-942-5635
95,Doloritas,Kivelle,dkivelle2m@amazon.com,Female,114.68.204.52,921-897-1139
96,Dame,Blaik,dblaik2n@ibm.com,Male,68.180.45.11,398-436-2807
97,Kain,Stanier,kstanier2o@hud.gov,Male,110.239.232.255,939-494-4046
98,Sylas,Riddock,sriddock2p@last.fm,Male,44.189.132.155,197-612-8677
99,Toma,Andryushchenko,tandryushchenko2q@over-blog.com,Female,254.89.151.176,779-647-2409
100,Abbe,Swanbourne,aswanbourne2r@behance.net,Male,122.103.103.54,481-730-7410
101,Emmalyn,Doget,edoget2s@uiuc.edu,Polygender,91.243.71.242,491-173-7926
102,Spencer,Moult,smoult2t@ucla.edu,Male,78.75.211.71,719-137-2015
103,Millicent,Hardeman,mhardeman2u@gmpg.org,Female,33.30.247.76,893-399-4689
104,Reiko,Vamplew,rvamplew2v@senate.gov,Female,73.236.24.199,567-299-3987
105,Von,Mingaye,vmingaye2w@howstuffworks.com,Male,18.215.150.241,539-627-4007
106,Jemie,Balloch,jballoch2x@howstuffworks.com,Female,245.180.180.146,319-102-8713
107,Eva,Deniske,edeniske2y@1und1.de,Female,64.253.4.214,847-221-4175
108,Harriot,Flaxon,hflaxon2z@seattletimes.com,Female,174.12.75.3,136-317-9229
109,Celie,Epsly,cepsly30@1und1.de,Female,58.216.202.141,171-967-4597
110,Ajay,Gosby,agosby31@wisc.edu,Genderfluid,133.245.176.193,744-480-2449
111,Zacharia,Blind,zblind32@google.cn,Male,196.21.28.178,642-106-1029
112,Mozes,Epton,mepton33@wikispaces.com,Male,105.151.152.74,142-662-2399
113,Base,Tarney,btarney34@jimdo.com,Male,249.167.44.205,126-761-0769
114,Loise,Mollnar,lmollnar35@1und1.de,Female,185.250.143.150,898-641-6274
115,Linus,McAnellye,lmcanellye36@blogger.com,Male,75.193.204.169,622-669-4864
116,Sydney,Mattiazzi,smattiazzi37@youtube.com,Female,36.237.33.108,918-321-3286
117,Morgen,Bushby,mbushby38@xinhuanet.com,Polygender,250.132.117.216,121-299-8190
118,Gerald,Benthall,gbenthall39@washington.edu,Male,88.246.157.189,632-435-1989
119,Faustina,Rumble,frumble3a@gmpg.org,Female,82.206.37.121,811-834-0802
120,Hersh,Hinge,hhinge3b@scribd.com,Male,190.125.129.19,829-964-2957
121,Jyoti,Winspar,jwinspar3c@noaa.gov,Female,241.70.106.79,432-638-3471
122,Philippe,Plumley,pplumley3d@thetimes.co.uk,Female,231.246.182.76,136-732-2755
123,Sheri,Silwood,ssilwood3e@si.edu,Female,241.21.21.194,862-139-1604
124,Felice,Teliga,fteliga3f@amazon.de,Male,168.82.184.135,633-571-0303
125,Steffi,Ilyasov,silyasov3g@cbsnews.com,Female,140.10.208.225,638-488-5429
126,Garrik,Bispham,gbispham3h@virginia.edu,Male,16.38.101.59,757-512-5091
127,John,Lamplough,jlamplough3i@parallels.com,Male,215.114.85.187,813-165-8834
128,Celestyna,Clubbe,cclubbe3j@icio.us,Female,129.163.94.79,780-654-4751
129,Rodie,Stroyan,rstroyan3k@angelfire.com,Female,104.27.55.38,748-434-2636
130,Sebastian,Hickisson,shickisson3l@canalblog.com,Male,125.69.238.9,670-957-1353
131,Estevan,MacDougal,emacdougal3m@zdnet.com,Male,69.42.159.223,775-614-5664
132,Kele,Say,ksay3n@pen.io,Male,124.148.220.156,712-675-6202
133,Tana,Mordaunt,tmordaunt3o@gov.uk,Female,120.232.0.29,166-662-1872
134,Cameron,Chevers,cchevers3p@sfgate.com,Non-binary,235.175.162.142,907-585-1585
135,Petunia,GiacobbiniJacob,pgiacobbinijacob3q@thetimes.co.uk,Female,238.1.144.148,421-641-8347
136,Emlyn,Ribou,eribou3r@stanford.edu,Male,154.98.200.119,688-799-6793
137,Carley,Paulot,cpaulot3s@apache.org,Female,214.227.146.118,460-575-0683
138,Arvie,Grabb,agrabb3t@google.com.hk,Male,159.228.252.198,312-596-7006
139,Juline,Sired,jsired3u@barnesandnoble.com,Non-binary,170.144.178.227,143-175-2019
140,Lorraine,Bew,lbew3v@fotki.com,Female,136.112.149.130,213-484-7603
141,Rafi,Lipman,rlipman3w@infoseek.co.jp,Male,177.28.74.168,967-156-1338
142,Sigismond,Bett,sbett3x@godaddy.com,Male,207.80.136.213,110-874-5631
143,Mollie,Biddy,mbiddy3y@studiopress.com,Female,255.179.141.252,703-312-9823
144,Hazel,Setchell,hsetchell3z@github.com,Polygender,20.159.44.199,695-126-7826
145,Katey,Chessum,kchessum40@bluehost.com,Female,252.221.241.190,276-236-4540
146,Jereme,Strathdee,jstrathdee41@geocities.com,Male,0.180.147.57,380-528-7668
147,Wheeler,Ivimey,wivimey42@java.com,Male,57.31.98.141,614-624-5930
148,Sauncho,Saiger,ssaiger43@businesswire.com,Bigender,102.179.66.33,665-618-7051
149,Matt,Chipp,mchipp44@livejournal.com,Male,35.107.173.143,689-557-3797
150,Ringo,Sineath,rsineath45@feedburner.com,Male,103.203.126.181,678-242-3091
151,Cleopatra,Pinch,cpinch46@slashdot.org,Female,66.144.51.172,471-384-0441
152,Roberto,Cannon,rcannon47@example.com,Male,66.175.93.73,182-707-5408
153,Liana,Sidon,lsidon48@ebay.com,Female,40.140.174.144,454-904-8653
154,Ludovico,Lenton,llenton49@earthlink.net,Male,126.130.93.229,772-962-4912
155,Oliver,Orteaux,oorteaux4a@networkadvertising.org,Male,254.20.42.119,900-772-6782
156,Brendin,Lankester,blankester4b@tuttocitta.it,Male,222.103.58.9,538-392-7115
157,Tiffani,Pash,tpash4c@scientificamerican.com,Genderqueer,249.43.161.6,933-523-7918
158,Taddeusz,Goulborne,tgoulborne4d@blog.com,Male,208.229.35.251,854-558-4088
159,Valli,Gianninotti,vgianninotti4e@netvibes.com,Female,209.248.149.72,771-162-8822
160,Meta,Maylor,mmaylor4f@yale.edu,Female,244.83.188.96,181-344-2984
161,Keven,Trevillion,ktrevillion4g@netlog.com,Male,18.176.23.250,697-517-6378
162,Micky,Drynan,mdrynan4h@reuters.com,Male,178.61.216.229,621-219-4131
163,Skyler,Kennally,skennally4i@wired.com,Bigender,53.108.232.144,165-965-0521
164,Morrie,Leithgoe,mleithgoe4j@wisc.edu,Genderqueer,75.200.105.163,846-401-0247
165,Constancy,Synan,csynan4k@wordpress.org,Female,107.102.76.130,921-293-6385
166,Bill,Cornforth,bcornforth4l@abc.net.au,Male,124.197.69.55,443-622-8582
167,Jackie,Luetchford,jluetchford4m@scribd.com,Male,133.75.238.239,865-533-7320
168,Latia,McBrearty,lmcbrearty4n@1688.com,Female,2.11.122.174,299-873-8410
169,Antonius,Manvelle,amanvelle4o@sourceforge.net,Male,78.107.151.58,303-605-7180
170,Alina,Reolfi,areolfi4p@google.ca,Female,132.78.17.80,964-264-8354
171,Durant,O'Scanlan,doscanlan4q@behance.net,Male,10.16.73.65,526-260-6486
172,Dore,Affuso,daffuso4r@usatoday.com,Female,39.56.195.165,238-849-4469
173,Alvera,Kyffin,akyffin4s@reddit.com,Female,160.152.11.155,282-499-0055
174,Broderick,Okeshott,bokeshott4t@goo.ne.jp,Male,38.100.118.194,978-528-9698
175,De witt,Hacker,dhacker4u@ebay.com,Male,124.59.129.27,904-668-7725
176,Barclay,Doohan,bdoohan4v@bravesites.com,Male,176.112.124.227,635-549-0160
177,Mose,Adamovicz,madamovicz4w@blog.com,Male,109.189.164.13,105-468-6874
178,Ronni,O'Keefe,rokeefe4x@netlog.com,Female,209.136.185.93,521-245-5048
179,Odella,Maymond,omaymond4y@linkedin.com,Female,252.228.140.23,844-388-8776
180,Marisa,Monget,mmonget4z@uiuc.edu,Female,192.126.75.130,451-839-4444
181,Ethan,Sueter,esueter50@oaic.gov.au,Male,14.240.68.52,446-240-0989
182,Bat,McElmurray,bmcelmurray51@ucla.edu,Male,160.226.202.55,298-294-4720
183,Lisha,Smolan,lsmolan52@state.tx.us,Female,206.113.148.67,660-537-8580
184,Deane,Charrett,dcharrett53@ucoz.com,Male,221.92.15.6,594-167-8885
185,Mechelle,Boatswain,mboatswain54@skype.com,Female,119.249.21.25,465-351-4589
186,Karalynn,Simmon,ksimmon55@lycos.com,Female,238.68.115.5,584-689-6141
187,Bjorn,Orry,borry56@marketwatch.com,Genderfluid,243.157.65.254,202-582-5923
188,Sigfrid,Arnke,sarnke57@chronoengine.com,Polygender,99.235.170.179,714-570-6882
189,Jordan,Bergeon,jbergeon58@hhs.gov,Male,91.13.161.164,743-456-1664
190,Francoise,Boustred,fboustred59@sakura.ne.jp,Female,86.174.224.8,229-979-7201
191,Haley,Ferrotti,hferrotti5a@instagram.com,Female,128.166.48.146,635-457-8991
192,Garret,Brobyn,gbrobyn5b@prweb.com,Male,122.85.21.64,934-673-6030
193,Pia,Royse,proyse5c@bandcamp.com,Female,177.135.47.180,323-722-3697
194,Arin,Clewlowe,aclewlowe5d@tumblr.com,Male,249.42.200.81,479-298-9802
195,De,Korf,dkorf5e@imdb.com,Female,58.93.189.218,787-665-7386
196,Cammi,Jerrard,cjerrard5f@macromedia.com,Female,64.64.255.21,223-817-3495
197,Perrine,Shailer,pshailer5g@oakley.com,Female,234.127.88.175,607-312-0472
198,Kristy,Pollock,kpollock5h@elpais.com,Female,49.233.51.170,173-783-7613
199,Tanhya,Ballay,tballay5i@admin.ch,Polygender,63.97.245.88,117-228-1066
200,Melinda,Forryan,mforryan5j@hexun.com,Female,18.78.246.180,399-637-4256
201,Missy,Bruffell,mbruffell5k@blinklist.com,Female,116.237.212.201,578-265-0843
202,Natala,Jamson,njamson5l@twitter.com,Female,255.167.223.130,496-602-3193
203,Brianna,Ewell,bewell5m@google.com.hk,Agender,16.166.193.36,129-195-7561
204,Arvy,Hubbard,ahubbard5n@tinyurl.com,Male,211.69.182.164,331-468-4387
205,Claudianus,MacKenney,cmackenney5o@nytimes.com,Male,41.211.246.82,841-997-1062
206,Corie,Binley,cbinley5p@rakuten.co.jp,Female,113.131.155.204,727-839-6118
207,Margo,Ashtonhurst,mashtonhurst5q@4shared.com,Agender,155.25.93.235,814-930-4337
208,Aidan,Beekmann,abeekmann5r@acquirethisname.com,Female,109.10.238.237,505-969-0086
209,Cullie,Proudley,cproudley5s@rakuten.co.jp,Male,131.147.53.76,910-233-6107
210,Konstance,Grimsdyke,kgrimsdyke5t@angelfire.com,Female,253.143.178.116,846-938-6891
211,Randie,Roff,rroff5u@tiny.cc,Female,75.176.10.0,983-678-7998
212,Rozelle,Le Fleming,rlefleming5v@yale.edu,Female,213.255.103.63,788-870-4668
213,Donny,Tudgay,dtudgay5w@barnesandnoble.com,Male,104.165.91.242,809-309-0256
214,Zonnya,Chattoe,zchattoe5x@timesonline.co.uk,Bigender,250.87.127.152,531-946-0046
215,Christyna,Itzkovwich,citzkovwich5y@wunderground.com,Female,96.190.146.166,375-527-8005
216,Josepha,Breakspear,jbreakspear5z@timesonline.co.uk,Polygender,158.73.110.7,586-260-0584
217,Kelila,Snarie,ksnarie60@php.net,Female,202.12.126.56,395-628-9229
218,Ebony,Brissenden,ebrissenden61@europa.eu,Female,37.77.69.193,995-276-3086
219,Adel,Leblanc,aleblanc62@bing.com,Agender,44.180.87.11,574-848-0053
220,Gert,Wimmers,gwimmers63@prweb.com,Female,170.195.36.108,760-476-9008
221,Blondell,Hanrott,bhanrott64@google.nl,Female,185.38.12.239,322-726-8705
222,Merwyn,Tunnadine,mtunnadine65@360.cn,Male,190.168.113.161,763-322-7261
223,Lucinda,Eggers,leggers66@google.co.uk,Female,121.162.195.81,434-420-8692
224,Carissa,Moorrud,cmoorrud67@jimdo.com,Female,104.104.194.244,717-489-3279
225,Enoch,Pitney,epitney68@arstechnica.com,Male,54.215.244.149,689-933-8062
226,Urbano,Everley,ueverley69@facebook.com,Male,109.155.220.32,803-688-3566
227,Judy,Wabb,jwabb6a@dedecms.com,Female,54.85.147.73,857-883-8261
228,Hadleigh,Biasetti,hbiasetti6b@dropbox.com,Genderfluid,122.164.135.128,129-263-0247
229,Debra,Steeden,dsteeden6c@usgs.gov,Female,188.220.14.64,525-191-1355
230,Roderigo,Strathe,rstrathe6d@irs.gov,Male,78.224.85.89,523-365-1330
231,Mureil,Glaum,mglaum6e@friendfeed.com,Female,141.248.116.74,348-805-5551
232,Floris,Forryan,fforryan6f@virginia.edu,Female,121.220.40.170,614-787-0806
233,Gorden,Trude,gtrude6g@arizona.edu,Male,101.83.214.239,161-608-7844
234,Onfre,Rainsden,orainsden6h@uol.com.br,Male,244.183.58.178,237-694-7329
235,Buckie,Lakeman,blakeman6i@free.fr,Male,123.192.119.189,851-179-8231
236,Brennen,Birmingham,bbirmingham6j@state.tx.us,Male,116.207.185.39,123-407-0350
237,Fedora,Rosoni,frosoni6k@xinhuanet.com,Female,143.90.179.228,496-364-1942
238,Kania,Wisker,kwisker6l@ebay.com,Female,200.51.194.233,190-476-5099
239,Bucky,Bradnum,bbradnum6m@imgur.com,Male,170.138.211.39,226-186-8492
240,Ulla,Buscher,ubuscher6n@imageshack.us,Female,202.238.242.32,316-234-4398
241,Sadie,Lichtfoth,slichtfoth6o@ucoz.com,Female,216.129.48.196,693-950-1497
242,Cesya,Butterly,cbutterly6p@biblegateway.com,Female,54.210.7.41,528-919-5179
243,Porty,Braikenridge,pbraikenridge6q@meetup.com,Male,4.11.199.86,524-430-2542
244,Lainey,Congreave,lcongreave6r@adobe.com,Female,153.183.137.7,855-884-8902
245,Christen,Ferrulli,cferrulli6s@indiatimes.com,Female,249.255.7.13,249-334-3009
246,Tiffi,Boulsher,tboulsher6t@noaa.gov,Female,87.242.65.106,526-905-5997
247,Bentley,Lindenman,blindenman6u@reddit.com,Male,127.88.79.185,883-534-4010
248,Drucill,McFarlan,dmcfarlan6v@zimbio.com,Female,118.8.181.80,153-686-9906
249,Mayer,Deaves,mdeaves6w@shutterfly.com,Male,69.207.208.124,400-116-2609
250,Lin,Bowshire,lbowshire6x@disqus.com,Genderfluid,168.183.208.96,500-502-4127
251,West,Covendon,wcovendon6y@about.com,Male,116.123.241.89,404-733-3541
252,Merwin,Sixsmith,msixsmith6z@tmall.com,Male,190.42.5.35,268-224-0034
253,Giulietta,Pyper,gpyper70@freewebs.com,Female,119.173.38.219,691-234-9735
254,Bryce,Sussems,bsussems71@abc.net.au,Bigender,162.102.163.151,831-682-2320
255,Bailey,Mahaffey,bmahaffey72@whitehouse.gov,Male,181.122.131.87,288-499-1800
256,Elnar,Storey,estorey73@unblog.fr,Male,138.141.171.12,379-855-2328
257,Sean,Jubert,sjubert74@google.com.br,Male,134.108.241.23,131-791-1652
258,Mariana,Bramham,mbramham75@blogspot.com,Female,109.231.162.7,717-592-3683
259,Conn,Acedo,cacedo76@com.com,Male,49.196.232.80,866-920-0271
260,Mab,Domerque,mdomerque77@chicagotribune.com,Female,199.12.255.36,749-476-6984
261,Eldredge,Pietruszewicz,epietruszewicz78@cnet.com,Male,92.128.241.227,886-974-1719
262,Lorrie,Pastor,lpastor79@joomla.org,Female,105.97.204.187,101-794-0394
263,Adiana,Gathercoal,agathercoal7a@whitehouse.gov,Female,134.145.194.113,430-212-9223
264,Carly,McTeggart,cmcteggart7b@omniture.com,Female,107.105.63.180,185-507-6553
265,Merrili,Jahnke,mjahnke7c@amazon.com,Female,97.21.179.202,231-586-3456
266,Susana,Escalante,sescalante7d@indiegogo.com,Female,69.75.205.30,352-874-9576
267,Jorrie,Grouer,jgrouer7e@arizona.edu,Polygender,102.191.182.200,301-326-8501
268,Carri,Pietruszka,cpietruszka7f@ocn.ne.jp,Female,237.127.134.142,502-224-8562
269,Alana,Boullen,aboullen7g@google.com.au,Female,105.41.184.17,225-959-0701
270,Dalt,Sommers,dsommers7h@unesco.org,Male,226.4.254.194,451-823-5499
271,Garfield,MacGinlay,gmacginlay7i@google.de,Male,152.33.73.198,549-397-9591
272,James,Nequest,jnequest7j@goo.gl,Male,197.250.222.197,854-677-0695
273,Suzanna,Dodsley,sdodsley7k@imdb.com,Female,173.144.191.39,765-800-4476
274,Delores,Crewes,dcrewes7l@yelp.com,Agender,167.102.189.157,467-523-9779
275,Corinne,Demonge,cdemonge7m@cam.ac.uk,Female,116.72.11.171,563-961-0540
276,Alberto,Mannakee,amannakee7n@virginia.edu,Bigender,226.165.143.185,813-995-1728
277,Laural,Buxcey,lbuxcey7o@feedburner.com,Female,145.85.203.75,918-547-7119
278,Tobin,Danks,tdanks7p@bandcamp.com,Male,19.238.36.13,297-219-2325
279,Tadeas,Atley,tatley7q@auda.org.au,Genderfluid,79.147.231.126,808-308-5509
280,Gael,Iacovazzi,giacovazzi7r@time.com,Male,218.213.115.126,473-487-6136
281,Woodie,Story,wstory7s@google.com.br,Male,15.205.27.194,478-535-9698
282,Stan,Marcinkus,smarcinkus7t@amazon.de,Genderqueer,12.44.72.229,274-101-7500
283,Cord,Upwood,cupwood7u@elpais.com,Male,102.157.151.189,140-508-2228
284,Norrie,Arnout,narnout7v@shutterfly.com,Bigender,241.237.93.133,174-534-5134
285,Wallis,Silverstone,wsilverstone7w@walmart.com,Male,55.169.189.6,492-482-5030
286,Aile,Durnell,adurnell7x@aol.com,Female,137.150.73.89,677-249-7667
287,Lillis,Pauncefoot,lpauncefoot7y@ning.com,Female,27.131.65.189,400-455-6728
288,Nico,McAviy,nmcaviy7z@businessinsider.com,Male,176.230.252.251,802-278-5258
289,Ryley,Chicchetto,rchicchetto80@techcrunch.com,Bigender,200.49.37.45,986-109-9255
290,Shelley,Ives,sives81@usgs.gov,Male,58.125.123.74,988-473-5047
291,Morissa,Morter,mmorter82@go.com,Female,53.220.144.198,155-471-6250
292,Dewitt,Jentges,djentges83@a8.net,Male,95.227.116.238,987-924-6834
293,Drake,Roseby,droseby84@npr.org,Male,178.32.80.232,725-496-0305
294,Salmon,Farlane,sfarlane85@blinklist.com,Male,118.57.5.249,466-658-7384
295,Evy,Sentance,esentance86@wiley.com,Female,48.17.225.61,508-983-8085
296,Madalena,Hanratty,mhanratty87@parallels.com,Female,190.209.161.190,351-702-9244
297,Daniela,Gynne,dgynne88@istockphoto.com,Female,30.230.208.239,507-319-4870
298,Hannie,Pallaske,hpallaske89@tripadvisor.com,Female,113.51.202.35,350-937-3890
299,Milt,Rawlin,mrawlin8a@vkontakte.ru,Male,100.143.247.221,712-771-2307
300,Kissiah,Odgers,kodgers8b@odnoklassniki.ru,Female,169.63.140.147,718-632-1126
301,Lorine,Treadger,ltreadger8c@irs.gov,Agender,127.4.8.36,431-636-2678
302,Blondelle,Learmount,blearmount8d@rediff.com,Female,241.247.78.182,225-221-5752
303,Didi,Eliasson,deliasson8e@ft.com,Female,112.218.151.22,572-644-9320
304,Lev,Ogles,logles8f@blogger.com,Male,127.119.163.174,565-162-1839
305,Angeline,McGaffey,amcgaffey8g@mysql.com,Female,76.188.29.52,839-944-4658
306,Agata,Ibbott,aibbott8h@tinyurl.com,Female,181.242.124.129,631-813-2775
307,Darya,Wilber,dwilber8i@cocolog-nifty.com,Female,67.64.148.64,755-973-9336
308,Elijah,Rodgman,erodgman8j@msu.edu,Male,194.27.74.205,252-863-6831
309,Gardener,Mary,gmary8k@goo.gl,Male,231.214.4.58,879-965-8719
310,Bevon,Lumbers,blumbers8l@jugem.jp,Male,207.10.27.3,696-792-9365
311,Lynne,Rubertelli,lrubertelli8m@yale.edu,Female,137.31.4.212,344-258-5815
312,Mellie,Mapes,mmapes8n@twitpic.com,Genderfluid,55.9.162.222,661-851-9189
313,Douglass,Clash,dclash8o@freewebs.com,Male,213.224.124.174,335-860-6631
314,Renata,Bristoe,rbristoe8p@time.com,Genderqueer,21.94.220.213,562-248-0583
315,Ilyssa,Burnhill,iburnhill8q@trellian.com,Polygender,252.233.224.151,953-541-9766
316,Dulcia,McMeekin,dmcmeekin8r@macromedia.com,Female,47.213.212.209,128-851-2901
317,Leroy,Mawer,lmawer8s@topsy.com,Male,105.248.240.66,247-281-3423
318,Augustine,Woolliams,awoolliams8t@blogger.com,Male,32.30.83.46,809-296-3568
319,Sonya,Ornells,sornells8u@t-online.de,Genderqueer,52.178.245.204,799-945-0306
320,Corbet,Lumber,clumber8v@oracle.com,Male,110.200.137.31,179-420-2804
321,Decca,Rudall,drudall8w@ameblo.jp,Male,207.240.105.166,495-328-9747
322,Errol,Blacklidge,eblacklidge8x@naver.com,Male,147.222.218.104,196-610-2335
323,Brunhilda,Hebbes,bhebbes8y@yelp.com,Female,208.70.2.134,721-835-0987
324,Sigfrid,Fonteyne,sfonteyne8z@statcounter.com,Male,248.28.242.128,709-601-1065
325,Doloritas,Fache,dfache90@netlog.com,Female,18.69.55.91,586-436-9969
326,Pyotr,Siegertsz,psiegertsz91@edublogs.org,Male,149.136.227.72,712-282-2796
327,Laural,Metzing,lmetzing92@twitpic.com,Female,211.4.6.97,719-186-3743
328,Lishe,Loraine,lloraine93@mashable.com,Genderfluid,55.104.165.19,628-643-9457
329,Morissa,Geely,mgeely94@csmonitor.com,Genderfluid,58.225.188.193,817-222-5893
330,Florence,Bette,fbette95@macromedia.com,Female,47.139.164.70,805-468-7112
331,Kali,Creebo,kcreebo96@plala.or.jp,Female,133.60.44.226,570-653-8138
332,Bunny,Huccaby,bhuccaby97@vk.com,Female,35.215.82.245,524-107-3232
333,Pincas,Smallman,psmallman98@privacy.gov.au,Genderqueer,128.187.203.65,685-841-3815
334,Egan,Dawks,edawks99@salon.com,Genderqueer,198.44.172.111,341-479-0811
335,Trudie,De Domenicis,tdedomenicis9a@slideshare.net,Female,131.5.132.247,541-565-1565
336,Colleen,Evins,cevins9b@psu.edu,Female,25.90.246.18,498-989-1389
337,Ardis,Mabb,amabb9c@furl.net,Female,109.133.67.1,785-340-6216
338,Cinda,Toope,ctoope9d@ezinearticles.com,Female,184.12.33.0,205-130-7345
339,Gabriela,Drayson,gdrayson9e@joomla.org,Female,174.5.238.130,691-442-1121
340,Desi,Luxford,dluxford9f@nba.com,Male,118.219.90.88,451-790-9039
341,Nerty,Simonelli,nsimonelli9g@nbcnews.com,Female,134.172.108.200,714-750-0703
342,Les,Cescoti,lcescoti9h@apple.com,Male,100.90.170.48,936-655-2998
343,Concordia,Knoble,cknoble9i@ft.com,Female,119.59.4.149,601-580-7459
344,Jan,Piggen,jpiggen9j@wisc.edu,Female,87.55.61.69,183-638-9940
345,Neille,Sainsberry,nsainsberry9k@slideshare.net,Female,180.69.216.156,222-415-4166
346,Torr,Dalziell,tdalziell9l@unicef.org,Male,107.96.14.199,923-108-9205
347,Britteny,Viccary,bviccary9m@wsj.com,Female,91.138.138.226,200-613-1396
348,Stacia,Elmore,selmore9n@tripod.com,Female,209.172.213.203,268-697-4049
349,Klarrisa,Bayman,kbayman9o@virginia.edu,Female,223.187.26.121,474-283-1431
350,Stacee,Follitt,sfollitt9p@princeton.edu,Male,214.215.95.206,814-932-4889
351,Cam,Houseago,chouseago9q@google.ru,Male,239.2.101.51,307-366-2720
352,Tom,Clogg,tclogg9r@squidoo.com,Male,34.227.119.15,941-873-1816
353,Hadlee,Kondrat,hkondrat9s@time.com,Male,219.47.132.212,332-354-6601
354,Jarret,Krzysztof,jkrzysztof9t@archive.org,Male,210.132.82.62,454-403-6264
355,Crissy,Corstan,ccorstan9u@blogtalkradio.com,Female,163.51.210.183,268-530-5143
356,Rollin,MacGovern,rmacgovern9v@rakuten.co.jp,Male,56.171.30.58,833-731-9350
357,Skell,Blowick,sblowick9w@cnn.com,Male,15.140.116.146,637-294-0610
358,Auria,Sheriff,asheriff9x@nbcnews.com,Female,64.138.35.40,613-639-9604
359,Bartolomeo,Basezzi,bbasezzi9y@naver.com,Male,72.240.215.98,178-321-4721
360,Garnet,Outibridge,goutibridge9z@ehow.com,Female,61.85.56.11,327-929-3033
361,Kikelia,Sayton,ksaytona0@topsy.com,Female,65.22.194.207,625-351-2993
362,Barclay,Melson,bmelsona1@twitpic.com,Male,107.174.30.145,602-426-3269
363,Pavel,Creaney,pcreaneya2@ucsd.edu,Male,182.45.106.15,442-138-0528
364,Sheree,Asgodby,sasgodbya3@ibm.com,Female,75.6.72.161,583-563-3510
365,Georas,Limrick,glimricka4@spiegel.de,Polygender,58.202.235.147,627-744-6918
366,Roddie,Capelin,rcapelina5@amazon.co.uk,Male,50.156.241.46,928-887-2744
367,Nicko,Brimmell,nbrimmella6@blogger.com,Male,181.60.169.224,534-462-3480
368,Sybil,Boler,sbolera7@sun.com,Non-binary,197.179.42.146,638-308-8826
369,Rollins,Kobierra,rkobierraa8@sun.com,Male,198.177.223.72,619-783-1100
370,Waldon,Heathwood,wheathwooda9@berkeley.edu,Male,124.66.120.2,762-847-4514
371,Dorian,Josse,djosseaa@tripadvisor.com,Female,225.46.200.5,653-833-7092
372,Nessy,Pulbrook,npulbrookab@barnesandnoble.com,Female,65.94.156.108,425-881-2826
373,Tamarra,Shimwall,tshimwallac@macromedia.com,Female,11.48.243.102,648-990-2262
374,Tarrance,Kilfoyle,tkilfoylead@aboutads.info,Male,18.180.29.110,187-196-3100
375,Berget,Troughton,btroughtonae@ehow.com,Female,97.254.45.120,904-831-2267
376,Harry,Balding,hbaldingaf@ted.com,Male,250.246.124.25,851-858-2118
377,Doretta,Ferrieri,dferrieriag@bluehost.com,Female,82.67.179.3,674-363-7882
378,Devin,Causnett,dcausnettah@harvard.edu,Male,118.213.126.100,543-622-5413
379,Alvis,Townsend,atownsendai@nbcnews.com,Agender,56.131.190.83,852-278-8580
380,Bord,Pakenham,bpakenhamaj@mozilla.com,Male,235.85.206.47,744-819-6870
381,Carey,Lamont,clamontak@apple.com,Female,133.93.83.254,329-250-2788
382,Marcie,Donisi,mdonisial@time.com,Non-binary,48.211.188.227,578-530-7731
383,Chaddie,Cisar,ccisaram@sogou.com,Male,190.104.168.58,536-629-5905
384,Leilah,Pragnell,lpragnellan@1688.com,Female,75.42.119.125,973-273-2584
385,Andee,Fawbert,afawbertao@shop-pro.jp,Female,30.183.34.246,526-472-5776
386,Elyse,Huffadine,ehuffadineap@flickr.com,Female,138.243.159.85,807-332-3402
387,Louisette,Durnill,ldurnillaq@mozilla.org,Female,112.105.211.80,198-870-6285
388,Ida,Redpath,iredpathar@newsvine.com,Female,218.50.152.179,290-895-1673
389,Etan,Duddridge,eduddridgeas@dedecms.com,Genderfluid,32.90.245.21,387-941-3538
390,Vidovik,Yellowley,vyellowleyat@mysql.com,Male,74.60.213.211,683-367-8984
391,Julina,Ipwell,jipwellau@exblog.jp,Female,96.4.23.30,843-337-3855
392,Jordan,Twidale,jtwidaleav@purevolume.com,Female,204.4.219.109,527-272-2317
393,Garth,Curzon,gcurzonaw@ezinearticles.com,Male,106.18.81.144,739-137-8295
394,Shandie,Bostick,sbostickax@nps.gov,Female,185.206.172.64,325-997-0317
395,Patsy,Bourgour,pbourgouray@arstechnica.com,Male,57.109.139.73,266-844-2521
396,Gasparo,Rochester,grochesteraz@phpbb.com,Male,138.140.193.245,526-594-4175
397,Emeline,Spore,esporeb0@arstechnica.com,Female,30.225.18.155,574-930-3299
398,Cirstoforo,Adger,cadgerb1@oracle.com,Male,62.237.121.58,554-946-5852
399,Sharla,Steptow,ssteptowb2@behance.net,Female,117.15.126.20,803-306-2381
400,Auberon,Mendus,amendusb3@dropbox.com,Male,221.240.146.155,917-542-6391
401,Kaleb,Sweett,ksweettb4@wired.com,Male,143.167.193.203,714-981-6832
402,Richy,Pelosi,rpelosib5@51.la,Male,209.6.237.69,822-185-8407
403,Cybil,Bullin,cbullinb6@etsy.com,Female,116.161.223.244,982-736-9998
404,Joana,Libreros,jlibrerosb7@senate.gov,Female,128.171.253.171,470-712-6188
405,Hastings,Brownbill,hbrownbillb8@posterous.com,Genderfluid,77.85.214.244,115-745-7650
406,Kenyon,Ellesworth,kellesworthb9@google.pl,Male,61.205.41.176,819-682-3188
407,Lea,Valentelli,lvalentelliba@merriam-webster.com,Bigender,161.250.232.251,903-495-4692
408,Salaidh,Dallender,sdallenderbb@discovery.com,Female,70.33.25.34,965-436-4570
409,Gilemette,Jakoubec,gjakoubecbc@yahoo.com,Female,176.118.156.78,510-316-5545
410,Ginevra,Laker,glakerbd@newyorker.com,Female,118.238.37.69,355-189-7268
411,Timothy,Galbraith,tgalbraithbe@umich.edu,Male,9.78.97.54,870-923-2478
412,Maurizia,Galbreth,mgalbrethbf@istockphoto.com,Female,91.72.241.128,537-203-8801
413,Nonah,Staunton,nstauntonbg@redcross.org,Female,151.225.178.35,527-112-4151
414,Edwin,Ruste,erustebh@gizmodo.com,Male,84.7.164.26,904-740-4650
415,Kristy,Bramont,kbramontbi@buzzfeed.com,Female,162.4.56.183,964-821-8608
416,Giacomo,Steely,gsteelybj@amazonaws.com,Male,92.226.175.128,970-281-4879
417,Granger,Dykes,gdykesbk@meetup.com,Male,208.0.51.130,419-926-7253
418,Manya,Lutton,mluttonbl@lycos.com,Agender,122.101.230.116,542-734-5226
419,Jackie,De Domenici,jdedomenicibm@mlb.com,Male,57.158.65.162,203-524-2241
420,Shannon,Terrans,sterransbn@amazonaws.com,Male,81.207.130.174,500-380-1722
421,Karon,Shrieves,kshrievesbo@opera.com,Female,162.93.151.147,132-825-4250
422,Pamella,Ozintsev,pozintsevbp@spotify.com,Female,38.112.124.164,977-414-4547
423,Iggie,Scoggin,iscogginbq@ox.ac.uk,Male,21.16.155.188,566-414-9312
424,Dix,Cicchinelli,dcicchinellibr@eepurl.com,Female,174.221.108.106,197-555-6259
425,Hayyim,Millar,hmillarbs@w3.org,Male,18.213.26.174,525-247-2509
426,Thurston,Clappison,tclappisonbt@msu.edu,Male,249.10.213.83,632-504-4210
427,Holt,Gryglewski,hgryglewskibu@wunderground.com,Male,70.144.110.108,963-327-9890
428,Elliott,Scurrey,escurreybv@twitpic.com,Male,133.247.217.150,746-120-2674
429,Upton,Ambler,uamblerbw@sitemeter.com,Non-binary,155.179.238.64,715-451-8199
430,Carlin,Dryden,cdrydenbx@macromedia.com,Female,7.216.114.217,476-627-6617
431,Aldo,Coull,acoullby@youtube.com,Male,87.17.123.177,683-679-2181
432,Francesca,Sweett,fsweettbz@pagesperso-orange.fr,Female,107.142.119.187,990-257-1774
433,Fernandina,Kimberley,fkimberleyc0@dot.gov,Female,233.108.85.118,507-638-5704
434,Alfy,Mecozzi,amecozzic1@acquirethisname.com,Non-binary,176.122.62.170,953-217-4050
435,Marna,McElwee,mmcelweec2@dropbox.com,Female,244.210.79.76,641-633-8636
436,Doro,Baddeley,dbaddeleyc3@bandcamp.com,Female,66.41.202.244,122-440-9064
437,Stavros,Zorzoni,szorzonic4@army.mil,Male,167.19.113.20,469-877-3661
438,Mufinella,Molder,mmolderc5@geocities.com,Female,165.191.7.163,873-780-0935
439,Jeniffer,Formoy,jformoyc6@delicious.com,Female,88.204.73.225,902-456-8866
440,Donica,Battany,dbattanyc7@indiatimes.com,Female,116.202.144.229,204-210-3666
441,Paxton,Andreasen,pandreasenc8@printfriendly.com,Male,223.130.95.112,519-872-0655
442,Hymie,O'Sirin,hosirinc9@psu.edu,Male,30.115.105.182,145-337-6583
443,Lucien,Darracott,ldarracottca@about.me,Male,112.22.249.18,317-218-5898
444,Bathsheba,Oddey,boddeycb@histats.com,Female,67.76.76.183,480-592-4129
445,Dorri,Shales,dshalescc@qq.com,Female,114.144.41.80,678-937-0076
446,Alleyn,Roll,arollcd@tuttocitta.it,Male,69.228.47.4,854-271-3172
447,Raphaela,Gravener,rgravenerce@smh.com.au,Female,247.141.47.150,248-500-9352
448,Mirna,Catlin,mcatlincf@i2i.jp,Female,202.113.49.244,210-305-5164
449,Adolphus,Juggins,ajugginscg@qq.com,Male,196.66.28.92,853-270-8707
450,Brandise,Hoffner,bhoffnerch@yale.edu,Female,71.152.145.56,514-523-1849
451,Cindi,Dany,cdanyci@nydailynews.com,Female,243.115.7.12,835-558-9548
452,Laural,Donaldson,ldonaldsoncj@delicious.com,Bigender,232.74.246.43,618-908-8829
453,Nanette,Cordes,ncordesck@who.int,Polygender,74.199.88.207,416-875-5474
454,Eddy,Friatt,efriattcl@rakuten.co.jp,Female,213.95.92.29,724-635-7176
455,Aldus,Sivior,asiviorcm@github.com,Male,87.94.167.76,505-632-2866
456,Michael,Denington,mdeningtoncn@godaddy.com,Male,121.247.224.19,170-805-0690
457,Berte,Dooly,bdoolyco@columbia.edu,Female,237.134.43.90,839-997-8656
458,Johnath,Wilshin,jwilshincp@de.vu,Female,75.226.231.51,263-556-9379
459,Jermayne,Grishechkin,jgrishechkincq@guardian.co.uk,Polygender,27.9.143.91,666-263-7578
460,Myrta,Bouda,mboudacr@hubpages.com,Female,65.245.155.175,306-684-4679
461,Putnam,Jochanany,pjochananycs@chron.com,Male,20.103.151.149,972-420-6653
462,Kristien,Laxe,klaxect@va.gov,Female,39.53.13.224,775-195-2894
463,Dominic,Haliday,dhalidaycu@economist.com,Male,14.40.216.25,681-515-2163
464,Rik,Morrott,rmorrottcv@cpanel.net,Male,216.102.79.153,350-969-8872
465,Nicola,Cooke,ncookecw@delicious.com,Male,35.84.139.175,620-841-4980
466,Rockie,Sadler,rsadlercx@booking.com,Male,163.41.10.126,380-132-9257
467,Felicia,Dover,fdovercy@woothemes.com,Female,22.197.29.174,553-630-4204
468,Dieter,Eddicott,deddicottcz@tripod.com,Male,202.209.238.196,501-785-8156
469,Jocko,O'Fairy,jofairyd0@fotki.com,Male,21.139.174.249,503-717-3531
470,Harmonia,Dudin,hdudind1@ameblo.jp,Female,113.11.28.21,318-582-4896
471,Joletta,Willowby,jwillowbyd2@tmall.com,Female,104.227.164.120,456-974-4769
472,Steffen,Chater,schaterd3@altervista.org,Male,238.59.187.239,118-964-8736
473,Rudiger,Hurdwell,rhurdwelld4@biblegateway.com,Non-binary,70.101.180.17,838-174-2988
474,Orelee,Messam,omessamd5@mit.edu,Female,164.224.184.237,390-910-0004
475,Lynn,Pinilla,lpinillad6@upenn.edu,Female,184.38.52.36,715-694-3664
476,Clayton,MacGovern,cmacgovernd7@hc360.com,Male,142.84.192.221,570-825-5977
477,Caesar,Lelievre,clelievred8@reddit.com,Male,90.246.60.136,643-261-7077
478,Ashia,Sieghart,asieghartd9@storify.com,Female,138.254.184.243,171-282-7132
479,Gray,GiacobbiniJacob,ggiacobbinijacobda@tiny.cc,Male,157.41.235.169,287-621-7178
480,Orelia,Macguire,omacguiredb@prweb.com,Female,131.125.214.116,585-700-3267
481,Berny,Eicke,beickedc@google.es,Male,76.73.213.67,518-653-4715
482,Lauralee,Casewell,lcasewelldd@sphinn.com,Female,189.30.238.31,397-188-5175
483,Evangeline,Kitcat,ekitcatde@ox.ac.uk,Female,21.11.127.151,567-655-8914
484,Heywood,Peggram,hpeggramdf@xrea.com,Male,65.7.237.207,321-819-3398
485,Paige,Meni,pmenidg@foxnews.com,Male,50.196.244.135,216-627-3520
486,Beryl,Golds,bgoldsdh@linkedin.com,Female,91.67.160.216,540-822-8728
487,Wilma,Dener,wdenerdi@flavors.me,Female,23.214.37.128,248-815-0392
488,Gibbie,Garza,ggarzadj@uol.com.br,Male,23.76.245.11,711-782-0742
489,Claudell,Matthewes,cmatthewesdk@mediafire.com,Male,255.120.174.63,916-361-6040
490,Jolie,Halston,jhalstondl@stanford.edu,Female,165.168.196.38,783-906-6415
491,Legra,Gammet,lgammetdm@tripod.com,Female,37.124.20.109,930-501-3160
492,Neala,Abeau,nabeaudn@usgs.gov,Female,53.68.232.208,849-339-9130
493,Garey,Gear,ggeardo@goo.gl,Male,169.128.183.56,224-868-1240
494,Daveta,Cullinane,dcullinanedp@posterous.com,Female,199.158.198.138,986-847-4405
495,Hill,Gowler,hgowlerdq@hatena.ne.jp,Male,165.2.169.188,771-690-9953
496,Burg,Alvaro,balvarodr@sbwire.com,Male,20.86.9.114,793-115-2246
497,Mari,Jobbings,mjobbingsds@hp.com,Female,13.222.122.16,557-906-4801
498,Portie,Theze,pthezedt@behance.net,Male,67.82.19.243,522-840-7181
499,Bennie,Bocking,bbockingdu@yale.edu,Female,100.87.114.87,437-438-0419
500,Lainey,Stoddart,lstoddartdv@google.co.uk,Female,154.219.177.64,753-259-0374
501,Karisa,Pavese,kpavesedw@spiegel.de,Female,241.120.146.103,185-760-9596
502,Bruce,Crush,bcrushdx@example.com,Male,178.237.100.228,957-728-9582
503,Aigneis,Craigmyle,acraigmyledy@princeton.edu,Female,225.5.58.61,916-135-2301
504,Fionna,McBlain,fmcblaindz@rakuten.co.jp,Female,99.126.78.176,679-999-0546
505,Timmy,Brogden,tbrogdene0@ucsd.edu,Male,220.127.150.107,424-562-9641
506,Ofella,Allerton,oallertone1@people.com.cn,Female,0.63.85.6,556-925-8764
507,Francklyn,Frankowski,ffrankowskie2@squarespace.com,Male,231.31.145.58,720-273-9092
508,Jillie,Cluer,jcluere3@newsvine.com,Female,2.53.127.32,255-505-8588
509,Dewie,Smythe,dsmythee4@discovery.com,Male,193.46.246.211,667-393-1535
510,Brianna,Core,bcoree5@over-blog.com,Female,152.160.103.216,609-303-0437
511,Scarlett,Sandiford,ssandiforde6@sitemeter.com,Female,1.51.234.146,744-661-5053
512,Nevile,Wake,nwakee7@woothemes.com,Male,91.139.222.75,253-206-0268
513,Jacynth,Harefoot,jharefoote8@whitehouse.gov,Female,86.93.151.25,365-677-7715
514,Katharina,Francioli,kfranciolie9@wikispaces.com,Female,77.126.146.164,938-858-0725
515,Jammal,Pleavin,jpleavinea@businessweek.com,Male,220.62.186.110,574-826-3721
516,Kilian,Rumke,krumkeeb@noaa.gov,Male,75.126.17.139,903-886-7710
517,Zara,Screen,zscreenec@free.fr,Female,188.73.105.80,542-530-6663
518,Bertie,Cabbell,bcabbelled@jalbum.net,Male,65.202.110.131,571-135-9285
519,Carmine,Rhodef,crhodefee@ox.ac.uk,Female,156.134.192.254,556-763-6499
520,Charmion,Francesconi,cfrancesconief@scientificamerican.com,Female,216.66.161.254,190-734-0773
521,Vivyanne,Glaze,vglazeeg@twitter.com,Female,236.14.137.207,892-280-8487
522,Raviv,Leftley,rleftleyeh@vistaprint.com,Male,128.84.164.117,751-605-6075
523,Holmes,Huffa,hhuffaei@home.pl,Agender,17.88.125.238,406-382-1353
524,Marieann,Cristofolini,mcristofoliniej@zdnet.com,Female,199.151.99.215,887-100-0008
525,Shay,Neate,sneateek@sohu.com,Male,65.138.137.35,260-579-6314
526,Peggie,Mulholland,pmulhollandel@house.gov,Female,141.205.115.42,696-895-0902
527,Rurik,Abrahim,rabrahimem@so-net.ne.jp,Male,86.131.35.53,365-454-1088
528,Reina,Caustick,rcausticken@vk.com,Female,85.68.194.246,623-140-6008
529,Tova,d'Arcy,tdarcyeo@sina.com.cn,Female,194.55.100.252,589-336-4969
530,Margarette,Ransbury,mransburyep@apple.com,Female,18.21.59.218,704-139-6033
531,Willyt,Grishankov,wgrishankoveq@vimeo.com,Female,11.11.227.117,141-948-8386
532,Merry,Poletto,mpolettoer@bandcamp.com,Female,159.163.227.11,771-315-3631
533,Beltran,Ajean,bajeanes@storify.com,Male,39.188.226.148,973-769-9436
534,Deane,Danett,ddanettet@arstechnica.com,Female,171.143.231.245,965-323-3955
535,Ellsworth,Allsobrook,eallsobrookeu@google.cn,Male,29.219.236.193,308-715-9346
536,Bonnibelle,Joyner,bjoynerev@bbb.org,Female,153.213.60.161,920-970-6928
537,Alta,Kantor,akantorew@reference.com,Female,156.107.68.131,962-113-1699
538,Pietra,Fatkin,pfatkinex@java.com,Female,180.244.163.36,896-286-6232
539,Nichol,Jachtym,njachtymey@oaic.gov.au,Female,156.166.206.38,330-479-6911
540,Nikolaus,Prosh,nproshez@sciencedaily.com,Male,152.133.123.127,768-207-0421
541,Frederik,McCaughan,fmccaughanf0@webeden.co.uk,Non-binary,112.248.136.138,296-355-2132
542,Tricia,Walkey,twalkeyf1@hud.gov,Female,73.107.81.8,145-790-8582
543,Nissa,Bransby,nbransbyf2@blogs.com,Female,153.230.109.206,810-333-0243
544,Lindi,Grasner,lgrasnerf3@admin.ch,Agender,226.120.223.28,870-503-9005
545,Elijah,Brightey,ebrighteyf4@utexas.edu,Male,204.122.210.224,623-649-0819
546,Deirdre,d'Escoffier,ddescoffierf5@google.pl,Female,185.149.180.1,302-490-9032
547,Brigham,Huddle,bhuddlef6@springer.com,Male,244.118.78.156,883-758-0141
548,Donny,Skitral,dskitralf7@cpanel.net,Male,184.251.77.78,408-109-0638
549,Asher,Hazeldean,ahazeldeanf8@diigo.com,Male,37.141.15.103,880-199-2520
550,Chrissy,McOwen,cmcowenf9@g.co,Male,19.154.24.165,746-756-2918
551,Katlin,Leehane,kleehanefa@phpbb.com,Female,210.50.155.92,460-517-6677
552,Puff,Durrance,pdurrancefb@ftc.gov,Male,69.98.111.60,372-638-5712
553,Nicole,Dagworthy,ndagworthyfc@kickstarter.com,Female,245.254.51.110,243-930-2085
554,Ursala,Harget,uhargetfd@google.nl,Female,241.151.30.143,292-920-5985
555,Thorndike,Rikkard,trikkardfe@npr.org,Male,102.157.99.149,557-147-4065
556,Ardith,Lendon,alendonff@bigcartel.com,Genderfluid,73.200.140.59,710-302-7733
557,Evangelin,Nornasell,enornasellfg@taobao.com,Genderqueer,144.217.13.141,448-777-7505
558,Krista,Balog,kbalogfh@storify.com,Female,241.74.108.20,978-200-7287
559,Ira,Doornbos,idoornbosfi@hud.gov,Male,230.104.39.83,223-520-3652
560,Sutherland,Jacquet,sjacquetfj@mit.edu,Male,47.74.121.52,666-622-4938
561,Brendis,Slavin,bslavinfk@microsoft.com,Male,186.88.218.138,477-444-3191
562,Emalia,Terbrug,eterbrugfl@house.gov,Female,103.17.121.191,426-355-8294
563,Gaston,Figgen,gfiggenfm@ox.ac.uk,Male,248.64.19.108,584-578-8562
564,Sissie,Farnie,sfarniefn@hp.com,Genderqueer,160.23.71.195,234-112-3708
565,Shermie,Ventom,sventomfo@xrea.com,Male,224.144.49.167,329-115-5244
566,Yehudit,Dauby,ydaubyfp@princeton.edu,Male,161.76.43.154,817-380-7057
567,Zacherie,McCaffrey,zmccaffreyfq@furl.net,Male,99.231.200.255,716-900-0819
568,Lodovico,Greiswood,lgreiswoodfr@addtoany.com,Male,138.51.182.161,675-400-1053
569,Ninette,Kupisz,nkupiszfs@berkeley.edu,Female,138.219.3.211,152-493-5427
570,Garrard,McGarva,gmcgarvaft@engadget.com,Male,240.133.174.139,688-517-2484
571,Cloris,Speers,cspeersfu@cdc.gov,Non-binary,29.152.230.160,533-815-9686
572,Ottilie,Gierok,ogierokfv@dailymail.co.uk,Female,13.99.66.208,532-407-7150
573,Jody,Fannin,jfanninfw@army.mil,Female,240.181.167.6,257-917-1288
574,Aylmer,Brankley,abrankleyfx@toplist.cz,Male,114.99.94.137,906-410-3798
575,Cora,Fayne,cfaynefy@google.de,Female,114.194.131.236,124-297-2108
576,Jesus,Reddy,jreddyfz@hugedomains.com,Male,103.23.54.50,938-496-3079
577,Lynn,Swyer-Sexey,lswyersexeyg0@bluehost.com,Female,64.53.0.58,469-526-0201
578,Almire,Anthiftle,aanthiftleg1@dropbox.com,Female,158.90.97.159,334-291-4306
579,Willi,Darrel,wdarrelg2@examiner.com,Female,76.126.214.65,429-602-6745
580,Jacquelin,Marr,jmarrg3@cisco.com,Female,216.124.238.105,505-913-0499
581,Dar,Long,dlongg4@imdb.com,Male,57.121.194.231,803-233-1830
582,Salim,Newlyn,snewlyng5@e-recht24.de,Male,99.255.86.128,241-467-0323
583,Andrea,Upshall,aupshallg6@wordpress.com,Genderqueer,218.189.233.101,182-933-6832
584,Tina,Desport,tdesportg7@bizjournals.com,Female,137.217.197.108,720-454-4506
585,Nehemiah,Comerford,ncomerfordg8@devhub.com,Male,39.42.249.226,254-163-5138
586,Dana,Stroton,dstrotong9@hibu.com,Male,44.1.27.219,298-618-8529
587,Sherye,Mitroshinov,smitroshinovga@squidoo.com,Female,135.1.47.251,125-222-4776
588,Shelby,Janak,sjanakgb@xing.com,Male,185.200.106.180,172-789-2719
589,Nettie,Drewery,ndrewerygc@dion.ne.jp,Female,242.107.201.146,932-341-6900
590,Forrester,Angrave,fangravegd@noaa.gov,Male,112.79.25.74,430-374-0410
591,Abigale,Piens,apiensge@is.gd,Female,240.249.200.220,575-624-4015
592,Gibby,Persent,gpersentgf@harvard.edu,Male,98.111.14.200,590-919-4543
593,Lonni,Bedborough,lbedboroughgg@addthis.com,Female,40.213.144.156,417-506-5726
594,Gladi,Angrock,gangrockgh@acquirethisname.com,Female,215.68.58.56,603-930-7010
595,Adam,Monteith,amonteithgi@timesonline.co.uk,Male,139.126.19.43,330-760-0444
596,Timmie,Chessun,tchessungj@sfgate.com,Male,255.107.235.172,691-464-6341
597,Johanna,Kirvell,jkirvellgk@cam.ac.uk,Female,192.124.37.118,583-437-8854
598,Shae,Artois,sartoisgl@ask.com,Male,57.183.5.143,996-495-7771
599,Bronson,Benzie,bbenziegm@php.net,Male,71.201.72.194,684-693-3167
600,Simona,Erangy,serangygn@vistaprint.com,Female,130.149.158.169,121-838-9450
601,Lorrayne,Le Ball,lleballgo@gnu.org,Female,65.202.107.227,662-229-6623
602,Harwell,Gander,hgandergp@cyberchimps.com,Male,39.44.85.44,980-438-1269
603,Sidonia,Jakoub,sjakoubgq@reference.com,Female,35.234.24.97,699-418-2297
604,Trstram,Goligly,tgoliglygr@cafepress.com,Male,238.114.27.114,816-932-8876
605,Kristy,Comiskey,kcomiskeygs@technorati.com,Female,39.233.58.22,372-316-3788
606,Guillermo,Basant,gbasantgt@mac.com,Bigender,219.2.149.223,259-384-3374
607,Clive,Natalie,cnataliegu@dailymotion.com,Male,213.123.19.203,949-243-7677
608,Pearl,Osgar,posgargv@salon.com,Female,247.52.91.150,237-753-2789
609,Winnie,Hands,whandsgw@jiathis.com,Female,16.69.235.115,871-985-8495
610,Lovell,Eate,leategx@cnn.com,Male,30.110.248.234,239-867-2873
611,Mada,Kydde,mkyddegy@studiopress.com,Bigender,197.210.235.142,355-629-0192
612,Codi,Dykins,cdykinsgz@disqus.com,Male,225.5.56.208,830-571-2728
613,Noell,Gettone,ngettoneh0@fda.gov,Female,159.174.13.110,975-850-4960
614,Thoma,Bignold,tbignoldh1@joomla.org,Male,170.62.26.215,837-219-0551
615,Barrie,Messum,bmessumh2@quantcast.com,Male,75.31.114.116,500-779-0059
616,Sal,Messent,smessenth3@soundcloud.com,Male,229.183.61.16,535-955-7473
617,Bordie,Crankhorn,bcrankhornh4@booking.com,Male,145.239.119.205,287-107-7067
618,Estevan,Carlesso,ecarlessoh5@qq.com,Male,46.6.92.149,594-928-9370
619,Chelsae,Howden,chowdenh6@pinterest.com,Female,110.110.247.206,299-385-6492
620,Benito,Swales,bswalesh7@usda.gov,Male,84.211.10.115,680-101-7381
621,Aloisia,Sparwell,asparwellh8@wikia.com,Female,144.62.130.85,125-144-3551
622,Wendi,Fullwood,wfullwoodh9@jalbum.net,Female,183.82.168.111,517-158-0660
623,Nadean,Hampshaw,nhampshawha@blinklist.com,Female,38.133.175.174,142-819-0903
624,Chloe,Adamovicz,cadamoviczhb@de.vu,Female,204.186.169.16,656-507-3896
625,Zaccaria,Petrozzi,zpetrozzihc@exblog.jp,Male,232.186.22.220,599-738-3717
626,Arin,Matiewe,amatiewehd@home.pl,Male,188.188.151.29,253-294-7986
627,Garth,Node,gnodehe@aboutads.info,Male,222.44.123.20,792-315-1045
628,Kathryn,Widdowson,kwiddowsonhf@cisco.com,Female,250.88.242.47,873-837-4923
629,Shannah,Belden,sbeldenhg@usatoday.com,Female,178.81.8.230,892-941-5203
630,Weston,Wormald,wwormaldhh@google.es,Male,131.28.1.68,454-554-1804
631,Fran,Erdis,ferdishi@utexas.edu,Female,137.60.144.218,272-765-3985
632,Iggy,Snaith,isnaithhj@nasa.gov,Male,13.31.138.45,527-168-9086
633,Waiter,Mattevi,wmattevihk@xinhuanet.com,Genderqueer,93.5.51.61,802-601-2872
634,Minna,Tweedy,mtweedyhl@who.int,Female,222.78.106.170,205-167-7564
635,Arnaldo,Lockner,alocknerhm@github.io,Male,77.86.226.43,323-136-4015
636,Mommy,Spennock,mspennockhn@freewebs.com,Female,73.29.109.30,712-755-1927
637,Jessamine,Rantoull,jrantoullho@abc.net.au,Female,242.62.99.0,419-881-6390
638,Arlyn,Denziloe,adenziloehp@soundcloud.com,Female,100.78.126.220,512-109-4311
639,Vinita,Corney,vcorneyhq@issuu.com,Bigender,133.98.11.209,219-415-0540
640,Andreas,Karlik,akarlikhr@oakley.com,Male,66.88.247.130,368-458-5846
641,Nicky,Jurries,njurrieshs@trellian.com,Female,48.166.15.52,276-228-0934
642,Rhianon,Mucklo,rmuckloht@sciencedaily.com,Female,232.163.90.89,550-874-1260
643,Jimmy,Cowins,jcowinshu@sogou.com,Male,12.164.248.201,319-570-3568
644,Ysabel,Gras,ygrashv@spotify.com,Female,58.192.40.129,913-150-9617
645,Reginald,Vallentine,rvallentinehw@icio.us,Male,37.245.71.68,583-959-5128
646,Minnie,Longbone,mlongbonehx@cnet.com,Female,84.77.49.186,916-403-3357
647,Bea,Vowdon,bvowdonhy@cbsnews.com,Female,234.183.65.21,110-804-4339
648,Gracia,Rothera,grotherahz@hud.gov,Non-binary,171.160.113.220,151-412-1577
649,Billy,Shipway,bshipwayi0@linkedin.com,Female,51.94.55.117,219-486-9973
650,Nyssa,Tuckley,ntuckleyi1@taobao.com,Female,198.131.251.72,157-729-9080
651,Shelia,Phaup,sphaupi2@pcworld.com,Female,40.81.160.92,682-152-2056
652,Patrice,Durbyn,pdurbyni3@amazon.co.uk,Male,194.203.204.121,542-713-0702
653,Pavel,Strettle,pstrettlei4@statcounter.com,Male,152.62.121.34,381-420-8976
654,Stormy,Blaasch,sblaaschi5@hatena.ne.jp,Female,209.144.149.20,454-777-5744
655,Celeste,Sturge,csturgei6@yellowbook.com,Genderfluid,181.170.125.67,133-908-8825
656,Damaris,Lyte,dlytei7@cpanel.net,Female,95.38.146.166,826-315-9640
657,Bert,Greensted,bgreenstedi8@eventbrite.com,Male,242.50.130.245,842-476-9956
658,Earl,Philcox,ephilcoxi9@intel.com,Male,34.66.254.238,978-502-4187
659,Lilian,Turn,lturnia@nature.com,Genderfluid,248.107.66.178,306-604-2455
660,Florence,Foote,ffooteib@usatoday.com,Female,230.124.176.200,926-252-4815
661,Pearl,Drew-Clifton,pdrewcliftonic@marketwatch.com,Female,25.168.162.32,243-498-6876
662,Wayland,Yellowlees,wyellowleesid@infoseek.co.jp,Male,207.197.76.179,109-356-0738
663,Laverne,Petofi,lpetofiie@wordpress.com,Female,117.84.211.218,912-803-8609
664,Sigismund,Woollhead,swoollheadif@jigsy.com,Male,43.95.182.206,590-850-0243
665,Kellby,Eyden,keydenig@ameblo.jp,Male,107.203.129.187,264-317-7645
666,Anne,Foli,afoliih@fema.gov,Female,240.59.191.35,271-212-2470
667,Hedvig,Bayles,hbaylesii@apple.com,Female,247.218.177.18,787-505-3626
668,Pamella,Battey,pbatteyij@fastcompany.com,Female,139.80.203.123,922-334-1478
669,Annmaria,McQuie,amcquieik@loc.gov,Genderqueer,253.97.59.99,380-244-1594
670,Joletta,Boggis,jboggisil@stumbleupon.com,Female,200.81.193.57,596-535-7618
671,Kellby,Richly,krichlyim@over-blog.com,Male,17.235.204.133,178-111-2553
672,Gypsy,Matyatin,gmatyatinin@typepad.com,Female,246.166.118.114,459-200-5669
673,Dianemarie,McJury,dmcjuryio@bbc.co.uk,Female,75.217.158.109,578-436-6403
674,Constantina,Morley,cmorleyip@accuweather.com,Female,189.153.178.46,735-999-6985
675,Maddie,Whitear,mwhiteariq@cbslocal.com,Male,43.155.50.64,337-444-5649
676,Merv,Theaker,mtheakerir@amazon.com,Male,46.246.237.235,232-697-2624
677,Kirk,Collop,kcollopis@lycos.com,Male,34.49.59.232,940-532-2106
678,Daloris,Pesik,dpesikit@wired.com,Female,132.25.108.119,770-746-2851
679,Lesley,Guise,lguiseiu@weibo.com,Female,158.120.1.11,305-466-2259
680,Randie,Crumly,rcrumlyiv@themeforest.net,Female,202.25.226.88,984-684-7373
681,Leigh,Chainey,lchaineyiw@google.co.jp,Male,50.163.198.84,202-759-6944
682,Sloan,Strelitzer,sstrelitzerix@unesco.org,Male,164.2.145.37,969-477-3756
683,Daryl,MacElane,dmacelaneiy@skyrock.com,Male,161.114.139.172,296-977-3929
684,Mahalia,Marvin,mmarviniz@ca.gov,Female,156.77.193.69,550-289-7601
685,Cedric,Keeping,ckeepingj0@cpanel.net,Male,158.166.200.159,452-999-5099
686,Linette,Steet,lsteetj1@prnewswire.com,Genderfluid,195.76.108.115,847-762-7437
687,Rochella,Mosco,rmoscoj2@comcast.net,Non-binary,85.196.242.111,208-790-4544
688,Saxe,Trood,stroodj3@privacy.gov.au,Male,146.2.80.223,830-929-2988
689,Germana,Brandes,gbrandesj4@omniture.com,Female,234.169.143.59,734-400-3439
690,Rosette,Bahde,rbahdej5@zimbio.com,Female,163.125.225.66,977-954-4912
691,Dionis,Tarburn,dtarburnj6@livejournal.com,Polygender,78.135.202.142,574-129-9239
692,Berrie,Pilpovic,bpilpovicj7@google.com.au,Female,133.8.58.233,517-417-7498
693,Klarika,Mattiussi,kmattiussij8@miitbeian.gov.cn,Female,72.161.73.7,286-788-9233
694,Sam,Kiss,skissj9@amazon.co.uk,Female,153.7.241.149,814-423-7793
695,Monty,Hulbert,mhulbertja@mtv.com,Male,28.169.147.29,482-648-1858
696,Carmella,Liles,clilesjb@people.com.cn,Female,208.77.27.211,149-927-1259
697,Pablo,Screas,pscreasjc@cbslocal.com,Male,219.59.113.184,823-552-6293
698,Edgardo,Stopper,estopperjd@omniture.com,Male,2.176.50.209,564-616-0906
699,Neall,Stuttard,nstuttardje@loc.gov,Male,94.229.46.112,305-477-8385
700,Franni,Iohananof,fiohananofjf@liveinternet.ru,Female,206.207.1.24,186-872-9286
701,Nelson,De Francisci,ndefranciscijg@dot.gov,Male,196.131.190.161,202-117-0427
702,Roderic,Palatino,rpalatinojh@xrea.com,Male,37.214.113.136,182-121-4924
703,Georgetta,Elbourne,gelbourneji@example.com,Agender,244.246.236.111,474-916-1273
704,Cad,Moodey,cmoodeyjj@unicef.org,Genderfluid,84.210.213.50,794-613-9993
705,Mellicent,Western,mwesternjk@odnoklassniki.ru,Female,78.51.3.232,193-938-3063
706,Neda,Beet,nbeetjl@tiny.cc,Female,107.181.107.239,485-239-3931
707,Britt,Finnemore,bfinnemorejm@wordpress.org,Female,232.30.61.159,625-177-3273
708,Oby,Hazell,ohazelljn@theguardian.com,Genderfluid,108.179.84.13,949-187-3635
709,Rubin,Castello,rcastellojo@nhs.uk,Male,212.164.52.176,149-401-5781
710,Peder,Iglesiaz,piglesiazjp@twitter.com,Male,255.184.25.235,633-973-0620
711,Ardra,Rotlauf,arotlaufjq@facebook.com,Agender,180.62.97.227,505-331-4354
712,Fara,Westberg,fwestbergjr@bigcartel.com,Female,64.124.246.60,327-942-1847
713,Judi,Stockwell,jstockwelljs@cdbaby.com,Female,179.191.246.135,102-714-0307
714,Gradeigh,Ellis,gellisjt@soup.io,Male,35.152.146.25,758-252-7939
715,Cassius,Lebond,clebondju@meetup.com,Male,120.74.111.185,695-197-2955
716,Andre,Farrants,afarrantsjv@nps.gov,Male,141.3.30.1,285-157-6952
717,Ebonee,Gluyus,egluyusjw@cbsnews.com,Female,38.240.190.59,126-585-9327
718,Aldridge,Mattingson,amattingsonjx@discovery.com,Male,144.69.234.81,649-481-7374
719,Rhodie,Dahmel,rdahmeljy@ebay.co.uk,Female,236.215.211.30,881-146-4691
720,Carrol,Launder,claunderjz@mapy.cz,Male,192.31.61.192,507-380-2373
721,Beatriz,Panther,bpantherk0@marketwatch.com,Female,89.156.105.20,561-372-4436
722,Evvy,Clinkard,eclinkardk1@vimeo.com,Genderqueer,219.142.241.148,198-257-1889
723,Nevsa,Gaine of England,ngaineofenglandk2@cbc.ca,Bigender,66.0.58.147,729-779-4854
724,Gertrud,Dyke,gdykek3@comsenz.com,Female,232.78.144.236,987-339-9857
725,Lou,Mithan,lmithank4@cpanel.net,Male,60.157.52.116,981-716-4519
726,Ruby,Skellern,rskellernk5@bizjournals.com,Male,17.48.52.223,846-133-6470
727,Farris,Shepperd,fshepperdk6@japanpost.jp,Male,182.42.217.217,695-206-6241
728,Katerina,Grog,kgrogk7@mit.edu,Female,247.242.146.173,359-843-5077
729,Cherish,Boord,cboordk8@businesswire.com,Female,2.108.205.34,667-483-7766
730,Britt,Stivey,bstiveyk9@hostgator.com,Male,22.172.233.60,440-273-9063
731,Susannah,Choffin,schoffinka@bbc.co.uk,Female,199.149.108.169,892-463-8027
732,Nels,Baylay,nbaylaykb@chronoengine.com,Male,155.80.87.216,960-486-3463
733,Benny,Jimeno,bjimenokc@scientificamerican.com,Female,236.119.16.88,932-100-4926
734,Ailis,Halsall,ahalsallkd@people.com.cn,Female,43.207.211.132,523-418-9168
735,Domenic,Korn,dkornke@nih.gov,Male,72.157.153.86,412-504-8920
736,Vladimir,Fullerlove,vfullerlovekf@twitpic.com,Male,252.97.241.26,315-826-5415
737,Dasya,Cormack,dcormackkg@51.la,Female,53.128.154.184,683-530-9355
738,Gerhard,Pietz,gpietzkh@over-blog.com,Male,19.181.167.34,486-159-1973
739,Johanna,Laven,jlavenki@europa.eu,Female,227.138.229.107,878-717-6201
740,Peggy,Ranklin,pranklinkj@moonfruit.com,Female,199.229.48.43,985-215-8911
741,Archy,Lillgard,alillgardkk@chicagotribune.com,Male,125.192.88.134,539-804-7637
742,Theo,Marshal,tmarshalkl@businesswire.com,Male,195.150.102.231,438-538-0847
743,Kaleena,Isaksen,kisaksenkm@scientificamerican.com,Female,150.201.216.159,903-295-1047
744,Bernarr,Gane,bganekn@latimes.com,Male,242.179.171.50,151-123-1785
745,Martita,Kirkness,mkirknessko@ow.ly,Female,233.54.96.54,874-942-6911
746,Israel,Beckles,ibeckleskp@a8.net,Male,216.240.125.181,592-409-0000
747,Park,Canada,pcanadakq@cisco.com,Male,37.235.130.127,663-976-5536
748,Zachery,Garratt,zgarrattkr@springer.com,Male,240.248.230.215,123-539-3507
749,Hilarius,Tapin,htapinks@berkeley.edu,Male,236.174.151.45,228-857-0553
750,Marcel,Minall,mminallkt@ucoz.ru,Male,65.133.89.50,161-609-7156
751,Bobinette,Lilley,blilleyku@mozilla.com,Female,116.82.14.222,491-109-7066
752,Everett,Creyke,ecreykekv@php.net,Male,73.64.101.212,561-280-8453
753,Collete,Larham,clarhamkw@merriam-webster.com,Female,63.183.207.74,689-643-7901
754,Tymothy,Giannotti,tgiannottikx@admin.ch,Male,55.160.151.119,394-461-0686
755,Cairistiona,Wollrauch,cwollrauchky@ovh.net,Female,130.63.249.18,748-289-0744
756,Caresse,Bazely,cbazelykz@ning.com,Female,234.78.12.174,974-516-0527
757,Andree,Matyugin,amatyuginl0@umn.edu,Bigender,66.237.41.1,317-593-4604
758,Dionysus,Mensler,dmenslerl1@indiatimes.com,Male,207.55.92.177,367-205-5128
759,Emmeline,Angel,eangell2@yandex.ru,Female,235.47.182.151,682-874-5781
760,Cully,Tift,ctiftl3@uol.com.br,Male,76.105.246.130,249-480-4367
761,Vincenz,Elkins,velkinsl4@arstechnica.com,Male,169.100.81.200,268-195-2532
762,Mag,Kondratenya,mkondratenyal5@desdev.cn,Female,103.239.187.73,392-954-6676
763,Darcey,Thomel,dthomell6@angelfire.com,Female,164.87.158.91,175-311-3962
764,Nessa,McQuin,nmcquinl7@archive.org,Female,162.134.221.30,829-278-1516
765,Melany,Tuxell,mtuxelll8@dagondesign.com,Female,57.87.223.255,318-757-7758
766,Rutter,Kidson,rkidsonl9@slashdot.org,Male,161.241.235.166,437-139-7409
767,Noland,Sample,nsamplela@virginia.edu,Male,30.19.128.126,478-822-9169
768,Alwyn,Genthner,agenthnerlb@cbslocal.com,Male,245.73.30.208,424-359-3334
769,Desiri,Petofi,dpetofilc@stanford.edu,Non-binary,13.207.211.211,603-179-8222
770,Georg,Bernardotti,gbernardottild@unc.edu,Male,41.154.10.152,958-691-3027
771,Andy,Fairholm,afairholmle@multiply.com,Female,172.118.26.154,743-172-9356
772,Ebeneser,Foddy,efoddylf@gnu.org,Male,173.225.135.209,258-980-4464
773,Joanna,Kynsey,jkynseylg@wiley.com,Female,222.81.10.25,411-251-9201
774,Arly,Mottini,amottinilh@diigo.com,Female,148.135.208.25,387-873-3780
775,Lura,Fernandez,lfernandezli@oakley.com,Female,81.229.97.131,269-915-3747
776,Dorthea,Maudling,dmaudlinglj@reddit.com,Female,77.153.16.205,365-558-5263
777,Melodie,Belone,mbelonelk@godaddy.com,Female,122.89.22.19,551-479-3346
778,Dillie,Sutherel,dsutherelll@surveymonkey.com,Genderfluid,61.68.151.167,419-380-5589
779,Ardella,Travers,atraverslm@dropbox.com,Genderqueer,141.244.219.184,369-285-2899
780,Georgia,Karpets,gkarpetsln@disqus.com,Female,17.119.160.42,322-639-9799
781,Kenton,Glover,kgloverlo@simplemachines.org,Male,14.255.244.10,608-767-4404
782,Petronille,Bloomer,pbloomerlp@mayoclinic.com,Female,144.25.240.227,995-840-5283
783,Farah,Mickleborough,fmickleboroughlq@drupal.org,Female,39.149.28.147,265-357-2578
784,Cart,Klaaassen,cklaaassenlr@sitemeter.com,Male,26.93.45.66,257-221-8280
785,Tamma,Oleszczak,toleszczakls@newyorker.com,Agender,243.225.197.127,238-871-5768
786,Wilow,Skinley,wskinleylt@moonfruit.com,Female,7.31.248.135,242-796-1425
787,Kattie,Drife,kdrifelu@imgur.com,Female,139.219.218.99,908-646-0056
788,Niles,Wallas,nwallaslv@accuweather.com,Male,9.24.16.178,516-157-3683
789,Mordy,Moat,mmoatlw@bizjournals.com,Male,190.51.155.11,251-925-6442
790,Jean,O'Corhane,jocorhanelx@earthlink.net,Male,192.127.4.28,294-111-7230
791,Ewart,Coe,ecoely@oakley.com,Male,207.11.151.229,715-851-4366
792,Freida,Hyland,fhylandlz@zimbio.com,Female,53.94.75.144,431-396-7814
793,Raquela,Veryan,rveryanm0@craigslist.org,Bigender,207.64.239.58,797-169-3855
794,Trumaine,Simoneau,tsimoneaum1@soup.io,Genderfluid,38.207.31.182,607-587-2877
795,Cammie,Lambin,clambinm2@nydailynews.com,Female,83.55.143.124,550-144-2659
796,Fin,Fust,ffustm3@scientificamerican.com,Male,254.229.35.45,103-227-6328
797,Tibold,Guarin,tguarinm4@booking.com,Male,210.47.24.20,388-147-0236
798,Worden,Stollmeyer,wstollmeyerm5@shutterfly.com,Male,65.93.193.133,766-228-4157
799,Dot,McGarrell,dmcgarrellm6@toplist.cz,Female,33.145.74.8,281-593-5790
800,Paul,Lowey,ploweym7@free.fr,Male,254.88.215.217,954-731-3442
801,Sarette,Fincken,sfinckenm8@flickr.com,Female,17.70.224.160,186-278-4601
802,Broderic,Elverstone,belverstonem9@desdev.cn,Male,26.71.18.155,669-240-0399
803,Aubrette,Cale,acalema@typepad.com,Female,100.229.62.162,611-844-1381
804,Yorgo,Woosnam,ywoosnammb@privacy.gov.au,Male,169.28.15.239,792-213-6387
805,Tudor,Trippack,ttrippackmc@va.gov,Male,81.3.245.7,957-604-7175
806,Mirella,Janowski,mjanowskimd@boston.com,Female,135.115.112.106,917-288-8690
807,Aron,Punchard,apunchardme@arstechnica.com,Male,138.230.197.81,629-882-4491
808,Ransom,Hillborne,rhillbornemf@yellowpages.com,Male,198.143.201.2,612-188-9815
809,Tab,Loughead,tlougheadmg@reddit.com,Male,220.109.112.225,252-528-4577
810,Heinrick,Covotto,hcovottomh@tinyurl.com,Male,110.122.157.56,111-146-2581
811,Tripp,Smewing,tsmewingmi@usnews.com,Male,9.129.129.6,676-878-0722
812,Janella,Sondon,jsondonmj@1und1.de,Female,70.250.4.35,213-605-5996
813,Barr,Selliman,bsellimanmk@prnewswire.com,Male,182.69.2.245,888-171-7438
814,Sheffie,Armall,sarmallml@163.com,Male,74.223.234.163,626-297-4332
815,Jaquenetta,Rabat,jrabatmm@xinhuanet.com,Female,168.147.181.93,292-680-5126
816,Farlay,Goreisr,fgoreisrmn@wikipedia.org,Male,45.186.78.225,301-968-1088
817,Rockie,Bugler,rbuglermo@angelfire.com,Male,47.73.68.188,673-422-3956
818,Brett,Brown,bbrownmp@admin.ch,Genderqueer,225.0.61.33,690-681-2794
819,Maurise,Millett,mmillettmq@illinois.edu,Male,237.72.224.166,832-741-5635
820,Odell,Crump,ocrumpmr@multiply.com,Male,206.235.109.134,312-725-7152
821,Zebulen,Prover,zproverms@merriam-webster.com,Male,22.61.186.12,300-774-3180
822,Cirstoforo,Garnall,cgarnallmt@indiatimes.com,Bigender,45.251.124.190,894-406-3516
823,Brendan,Bernocchi,bbernocchimu@prlog.org,Male,56.33.121.76,134-723-8794
824,Marven,Doddemeede,mdoddemeedemv@weebly.com,Genderfluid,25.156.0.246,867-370-4296
825,Karmen,Jeffs,kjeffsmw@addthis.com,Female,230.24.225.0,779-920-1892
826,Gabrielle,Sabates,gsabatesmx@columbia.edu,Female,91.45.192.132,667-286-0935
827,Abram,Possell,apossellmy@mapy.cz,Male,234.143.182.12,120-631-8476
828,Kerk,Roache,kroachemz@nps.gov,Male,24.245.106.215,275-540-4602
829,Desi,O'Collopy,docollopyn0@stumbleupon.com,Male,56.48.248.134,194-561-0767
830,Quintina,Astling,qastlingn1@geocities.jp,Female,13.219.223.249,742-173-0185
831,Winnah,Rugg,wruggn2@cafepress.com,Polygender,3.103.159.240,270-837-5493
832,Irwinn,Huxham,ihuxhamn3@webs.com,Male,174.109.65.141,288-613-6270
833,Starlene,Congrave,scongraven4@reddit.com,Female,221.1.81.107,485-137-1883
834,Jae,Trulock,jtrulockn5@domainmarket.com,Male,141.128.215.76,849-749-5907
835,Devy,Wadhams,dwadhamsn6@bandcamp.com,Male,215.134.19.236,384-616-2421
836,Wylie,Lambourne,wlambournen7@uiuc.edu,Male,189.212.246.59,468-699-3784
837,Blair,Diaper,bdiapern8@fema.gov,Male,187.128.33.59,639-100-4689
838,Terrell,Martello,tmartellon9@economist.com,Male,236.50.116.128,432-638-7090
839,Byrle,Anstey,bansteyna@cafepress.com,Male,44.107.161.67,327-909-9650
840,Cissiee,Maryon,cmaryonnb@t-online.de,Female,90.55.116.98,827-904-4283
841,Barbi,Ketton,bkettonnc@csmonitor.com,Female,15.36.152.173,507-323-1996
842,Barrie,Hanrott,bhanrottnd@tripadvisor.com,Female,60.127.14.232,458-596-3720
843,Maurise,Aspall,maspallne@jalbum.net,Male,24.228.202.212,471-555-4908
844,Ericha,Thring,ethringnf@yale.edu,Female,232.83.56.71,972-516-2427
845,Angy,Wordsworth,awordsworthng@cdbaby.com,Female,68.143.251.243,359-172-9603
846,Earle,Metterick,emettericknh@printfriendly.com,Male,252.22.134.86,154-721-3386
847,Roxanne,Hewins,rhewinsni@technorati.com,Female,39.145.32.80,998-572-6861
848,Malory,Leiden,mleidennj@senate.gov,Female,101.94.210.68,474-553-9046
849,Ellen,Suggey,esuggeynk@trellian.com,Female,193.98.86.218,987-875-4041
850,Dugald,Allday,dalldaynl@patch.com,Male,134.75.157.252,480-992-7121
851,Ingunna,Guillotin,iguillotinnm@csmonitor.com,Female,119.140.28.77,651-639-0964
852,Bria,Pyke,bpykenn@nsw.gov.au,Female,125.247.154.3,312-403-7246
853,Fulton,McClifferty,fmccliffertyno@usnews.com,Agender,80.13.150.240,624-978-1648
854,Loutitia,Brainsby,lbrainsbynp@desdev.cn,Female,194.123.162.46,891-302-0059
855,Adrea,Mintrim,amintrimnq@virginia.edu,Female,42.156.89.242,871-433-0181
856,Gerda,Letertre,gletertrenr@ning.com,Female,10.30.220.22,514-570-3500
857,Ernesto,Pulbrook,epulbrookns@soup.io,Male,74.196.112.207,839-764-3837
858,Pippo,Plevin,pplevinnt@google.nl,Bigender,155.208.255.55,243-195-1037
859,Orazio,Lebourn,olebournnu@nbcnews.com,Male,155.233.100.50,700-394-1914
860,Amargo,Syred,asyrednv@com.com,Female,60.15.167.16,749-121-8376
861,Chris,Gittoes,cgittoesnw@prweb.com,Female,220.204.43.31,532-246-3435
862,Gustie,Dagworthy,gdagworthynx@mapy.cz,Female,151.250.249.122,536-420-9481
863,Giustina,St. Queintain,gstqueintainny@hubpages.com,Female,195.75.144.134,367-920-0956
864,Charmian,Rowaszkiewicz,crowaszkiewicznz@free.fr,Polygender,121.84.206.161,512-738-6513
865,Mathe,Glyne,mglyneo0@about.me,Male,230.217.1.222,355-648-0030
866,Bond,Doran,bdorano1@dailymotion.com,Male,197.234.234.106,412-443-0378
867,Ancell,Canto,acantoo2@ustream.tv,Male,18.249.201.61,893-512-4368
868,Adelaida,Flewin,aflewino3@baidu.com,Female,183.20.95.181,447-861-0381
869,Beitris,Sleicht,bsleichto4@springer.com,Female,212.139.91.147,558-899-4972
870,Lana,Scyone,lscyoneo5@amazonaws.com,Female,119.188.3.78,795-823-3620
871,Natal,MacIlraith,nmacilraitho6@gov.uk,Male,51.99.186.218,372-268-9645
872,Harli,Gunson,hgunsono7@prweb.com,Female,52.176.84.20,498-993-0095
873,Alane,Olifaunt,aolifaunto8@unblog.fr,Female,41.216.52.60,312-932-0860
874,Ana,Gatheral,agatheralo9@chron.com,Female,250.16.196.34,210-856-4411
875,Oswell,Killick,okillickoa@altervista.org,Male,12.78.78.82,785-524-2306
876,Ezri,Culshew,eculshewob@ucsd.edu,Male,30.52.165.155,931-806-5200
877,Wade,Ruffles,wrufflesoc@cyberchimps.com,Male,108.61.17.57,698-566-8308
878,Bria,Braiden,bbraidenod@uiuc.edu,Female,16.213.250.167,663-788-5249
879,Berni,Finley,bfinleyoe@irs.gov,Female,229.167.115.190,270-499-0726
880,Lind,Jakubovitch,ljakubovitchof@elegantthemes.com,Agender,213.10.57.168,921-472-2478
881,Carilyn,Bernon,cbernonog@creativecommons.org,Female,77.233.121.186,400-520-7318
882,Yank,Ralston,yralstonoh@stanford.edu,Male,202.128.111.21,307-497-9973
883,Georgiana,Gurge,ggurgeoi@wikipedia.org,Female,193.68.130.106,963-525-7549
884,Tallou,Coudray,tcoudrayoj@spiegel.de,Female,188.133.110.186,555-664-6748
885,Swen,Ramel,sramelok@meetup.com,Male,33.197.43.249,186-456-0979
886,Creigh,MacArte,cmacarteol@over-blog.com,Male,92.86.227.119,681-582-4182
887,Travus,Coady,tcoadyom@dailymail.co.uk,Male,156.33.148.237,169-929-9850
888,Felicdad,Van der Velden,fvanderveldenon@slashdot.org,Female,141.89.39.255,309-929-5281
889,Stewart,Carletto,scarlettooo@google.pl,Male,3.58.184.219,262-714-0763
890,Letitia,Leverett,lleverettop@bravesites.com,Female,112.75.217.86,219-353-5914
891,Harman,Slyne,hslyneoq@indiatimes.com,Male,178.179.34.94,742-858-3462
892,Dian,Fishwick,dfishwickor@plala.or.jp,Female,110.203.224.78,351-783-4502
893,Philomena,MacIlraith,pmacilraithos@vistaprint.com,Female,248.123.228.138,239-208-5764
894,Glyn,Skotcher,gskotcherot@cnn.com,Female,168.198.1.200,842-859-9777
895,Hortense,Kruse,hkruseou@biblegateway.com,Female,130.126.202.175,652-995-4203
896,Colman,Murrthum,cmurrthumov@nytimes.com,Male,17.187.109.19,581-401-2679
897,Any,Jeannequin,ajeannequinow@ask.com,Male,182.210.156.144,558-649-8573
898,Rriocard,Scowcroft,rscowcroftox@sourceforge.net,Male,191.211.81.173,282-394-1571
899,Skelly,Locksley,slocksleyoy@aol.com,Male,214.147.74.95,453-437-8649
900,Vernon,Aviss,vavissoz@netvibes.com,Male,216.183.231.203,983-228-0946
901,Penn,Freckingham,pfreckinghamp0@wikimedia.org,Male,138.31.46.180,160-832-3594
902,Evyn,Pyffe,epyffep1@census.gov,Genderfluid,59.45.20.146,147-100-3312
903,Olympe,Narrie,onarriep2@timesonline.co.uk,Female,136.13.130.142,832-818-2094
904,Auroora,Mackley,amackleyp3@mapquest.com,Non-binary,220.99.172.96,120-955-7313
905,Darryl,Samwell,dsamwellp4@netvibes.com,Male,103.109.225.86,183-248-1563
906,Pavla,Valerius,pvaleriusp5@accuweather.com,Female,49.18.143.193,586-998-3528
907,Broddy,Barwack,bbarwackp6@gov.uk,Male,172.224.80.196,786-119-2931
908,Cayla,Robyns,crobynsp7@feedburner.com,Female,211.106.9.151,931-322-7162
909,Gwenneth,Succamore,gsuccamorep8@pen.io,Female,187.212.198.242,200-113-7492
910,Wang,O'Canavan,wocanavanp9@ow.ly,Male,206.222.180.75,353-698-8824
911,Lemmy,Fraine,lfrainepa@unc.edu,Male,23.250.57.11,427-492-0128
912,Eleanor,Iacopetti,eiacopettipb@house.gov,Female,4.84.41.68,400-257-9349
913,Lebbie,Waterdrinker,lwaterdrinkerpc@abc.net.au,Female,134.0.18.51,801-825-5002
914,Cynthia,Riep,crieppd@wikispaces.com,Female,209.79.54.187,879-491-3257
915,Mandel,Harty,mhartype@deliciousdays.com,Male,167.11.94.171,168-582-8378
916,Pieter,Meffen,pmeffenpf@google.cn,Male,9.122.115.119,329-700-1044
917,Lilly,Sears,lsearspg@microsoft.com,Polygender,202.240.7.247,388-355-5477
918,Gilemette,Digby,gdigbyph@uiuc.edu,Female,50.169.17.207,144-186-8568
919,Graehme,Ridgley,gridgleypi@purevolume.com,Male,102.153.98.232,493-412-5307
920,Joey,Gloves,jglovespj@elpais.com,Female,53.142.68.151,232-492-5026
921,Peggi,Ferrario,pferrariopk@intel.com,Female,48.228.36.192,493-426-1541
922,Tessy,Karslake,tkarslakepl@squidoo.com,Female,130.139.96.31,417-841-7187
923,Pam,Byway,pbywaypm@meetup.com,Female,35.198.213.171,692-520-8232
924,Antoni,Fardell,afardellpn@theatlantic.com,Polygender,191.163.185.232,914-190-7425
925,Taffy,Hakonsen,thakonsenpo@indiegogo.com,Female,145.66.42.97,217-708-5610
926,Gisele,Voden,gvodenpp@dedecms.com,Female,182.1.182.14,309-638-9459
927,Barclay,Worvill,bworvillpq@miibeian.gov.cn,Male,181.46.91.189,164-559-2738
928,Francisco,Shimmans,fshimmanspr@narod.ru,Male,179.90.161.19,600-768-4044
929,Skipp,Towle,stowleps@jiathis.com,Male,113.7.42.47,286-790-0247
930,Porty,FitzGibbon,pfitzgibbonpt@bloglovin.com,Male,14.238.141.223,484-558-6611
931,Orsa,Roseby,orosebypu@51.la,Female,91.107.207.9,927-175-8596
932,Vladamir,Payton,vpaytonpv@time.com,Male,48.111.69.250,215-890-2051
933,Hector,Coles,hcolespw@soundcloud.com,Male,181.119.232.160,205-350-8770
934,Conway,Foli,cfolipx@hp.com,Male,133.20.113.19,492-801-0763
935,Antin,Yoakley,ayoakleypy@domainmarket.com,Male,170.220.154.84,316-925-3177
936,Lezlie,Beminster,lbeminsterpz@flickr.com,Female,88.39.154.218,706-139-5118
937,Lief,Conre,lconreq0@whitehouse.gov,Male,209.19.164.147,243-181-6842
938,Nancee,Ingleton,ningletonq1@ft.com,Genderqueer,79.191.133.36,438-265-9898
939,Tiphany,Deroche,tderocheq2@washingtonpost.com,Female,32.2.1.167,461-633-3835
940,Alayne,Hamflett,ahamflettq3@gov.uk,Female,148.144.120.205,308-557-1853
941,Meara,Broxis,mbroxisq4@yale.edu,Female,59.13.112.109,961-919-2689
942,Ron,Gosling,rgoslingq5@exblog.jp,Male,144.37.104.20,627-950-3698
943,Heywood,Dalrymple,hdalrympleq6@is.gd,Male,136.215.51.86,566-114-8974
944,Laurene,Heild,lheildq7@redcross.org,Genderqueer,120.165.19.111,154-414-6880
945,Joelynn,Hirth,jhirthq8@dmoz.org,Female,153.29.75.61,382-305-4597
946,Janot,McGlone,jmcgloneq9@people.com.cn,Female,247.237.185.180,620-802-7340
947,Vincents,Matzen,vmatzenqa@princeton.edu,Male,246.10.115.202,205-928-1208
948,Emmit,Weinmann,eweinmannqb@discovery.com,Male,75.130.194.190,732-294-4374
949,Edgar,Murden,emurdenqc@oracle.com,Male,92.120.55.106,269-202-6938
950,Jacquelin,Shyre,jshyreqd@google.nl,Female,244.0.14.129,707-239-3419
951,Desmond,Tuppeny,dtuppenyqe@dyndns.org,Male,11.202.17.164,156-695-0532
952,Brnaby,Fakes,bfakesqf@sphinn.com,Male,194.96.47.80,512-793-8054
953,Cece,Sibley,csibleyqg@vinaora.com,Non-binary,211.64.79.186,525-540-7439
954,Tomi,Browell,tbrowellqh@vkontakte.ru,Female,39.90.114.209,668-757-2982
955,Betsy,Grigoryov,bgrigoryovqi@zimbio.com,Female,213.249.33.198,364-936-7392
956,Brynn,Hooban,bhoobanqj@jimdo.com,Female,132.82.199.211,651-146-1176
957,Ethelind,Blant,eblantqk@people.com.cn,Female,231.5.68.34,897-118-4540
958,Evangeline,Folomin,efolominql@hibu.com,Female,34.55.136.175,615-655-6299
959,Petronia,Langstaff,plangstaffqm@qq.com,Female,0.232.57.87,598-928-2299
960,Gerrie,Hemshall,ghemshallqn@jimdo.com,Female,214.91.163.108,437-110-5069
961,Joseito,Penwarden,jpenwardenqo@livejournal.com,Male,63.139.158.133,161-746-8385
962,Harriott,Biesterfeld,hbiesterfeldqp@huffingtonpost.com,Female,120.110.102.85,437-794-6764
963,Alejandro,Wheway,awhewayqq@apple.com,Male,13.173.97.50,692-467-8228
964,Beverley,Mowatt,bmowattqr@bigcartel.com,Female,82.70.22.121,209-864-4273
965,Abelard,Gleed,agleedqs@ifeng.com,Male,84.244.40.220,725-495-1854
966,Bourke,Grigorkin,bgrigorkinqt@businesswire.com,Male,82.188.154.243,886-432-7195
967,Freddy,Ruddle,fruddlequ@smh.com.au,Female,167.203.154.99,330-322-6779
968,Katharyn,Phebey,kphebeyqv@meetup.com,Female,186.251.113.192,296-741-2505
969,Malvina,Perrone,mperroneqw@harvard.edu,Female,28.183.97.70,263-139-7711
970,Tallulah,Sumers,tsumersqx@ocn.ne.jp,Non-binary,191.122.133.50,550-358-8677
971,Gav,Jammet,gjammetqy@unesco.org,Male,93.76.41.44,246-198-4763
972,Shelby,McGaffey,smcgaffeyqz@stanford.edu,Male,118.149.230.167,658-580-9801
973,Artemas,Brea,abrear0@tripadvisor.com,Male,233.181.117.9,831-289-7326
974,Beryle,Tempest,btempestr1@upenn.edu,Female,63.202.118.220,664-216-4177
975,Mason,Liddle,mliddler2@unesco.org,Male,122.250.45.244,430-119-2295
976,Krysta,Alloway,kallowayr3@jugem.jp,Female,158.237.155.252,441-562-6506
977,Horacio,Sired,hsiredr4@g.co,Male,13.104.253.50,286-511-9523
978,Humfrey,McComiskie,hmccomiskier5@unesco.org,Male,216.35.32.9,364-924-3644
979,Ginevra,Antonias,gantoniasr6@mtv.com,Female,22.124.27.234,957-260-6274
980,Harli,Atwill,hatwillr7@apache.org,Agender,221.223.190.34,438-648-7682
981,Lester,McCaskill,lmccaskillr8@hibu.com,Male,55.18.180.162,131-427-8430
982,Rustie,Sansbury,rsansburyr9@ted.com,Male,169.48.161.208,593-205-2058
983,Ogdon,Warret,owarretra@feedburner.com,Male,92.9.50.9,685-867-5661
984,Cassandre,Swaddle,cswaddlerb@google.co.jp,Genderfluid,36.207.19.50,225-785-1286
985,Callean,O'Cleary,coclearyrc@jigsy.com,Male,83.215.29.183,995-176-9421
986,Link,Ladds,lladdsrd@utexas.edu,Male,201.183.90.196,731-198-8186
987,Galven,Ford,gfordre@rambler.ru,Male,12.143.196.229,529-731-7360
988,Sheff,Matveichev,smatveichevrf@answers.com,Male,15.110.108.154,593-736-9011
989,Teresa,Perham,tperhamrg@scientificamerican.com,Female,136.92.84.151,638-656-2101
990,Goldi,Riquet,griquetrh@jigsy.com,Female,15.153.176.119,897-813-6641
991,Brena,Shallcross,bshallcrossri@wikipedia.org,Female,211.248.170.224,430-262-8099
992,Junia,McKnish,jmcknishrj@tiny.cc,Female,49.176.221.85,934-646-2219
993,Marsiella,Dear,mdearrk@umn.edu,Female,169.222.85.40,851-840-1147
994,Foss,Santhouse,fsanthouserl@bbb.org,Male,204.233.104.194,149-498-8271
995,Jade,Giroldi,jgiroldirm@histats.com,Genderfluid,174.65.118.65,344-700-4741
996,Willyt,Malkie,wmalkiern@posterous.com,Female,95.249.72.189,729-814-9127
997,Tatiana,Bastable,tbastablero@pinterest.com,Female,96.87.33.161,219-311-1285
998,Brett,Simner,bsimnerrp@hc360.com,Male,17.126.240.43,624-251-8620
999,Jo,Heinemann,jheinemannrq@ted.com,Male,219.45.9.208,373-450-6266
1000,Tadio,Rottery,trotteryrr@blogspot.com,Male,11.117.228.200,550-453-2528
1002,example,example,john@email.com,Male,112.122.22,12345
1003,example,example,john@email.com,Male,112.122.22,12345
